q_over_2pi,omega_branch_00_meV,omega_branch_01_meV,omega_branch_02_meV,omega_branch_03_meV,omega_branch_04_meV,omega_branch_05_meV,omega_branch_06_meV,omega_branch_07_meV,omega_branch_08_meV,omega_branch_09_meV,omega_branch_10_meV,omega_branch_11_meV,omega_branch_12_meV,omega_branch_13_meV,omega_branch_14_meV,omega_branch_15_meV,omega_branch_16_meV,omega_branch_17_meV,omega_branch_18_meV,omega_branch_19_meV,weight_branch_00,weight_branch_01,weight_branch_02,weight_branch_03,weight_branch_04,weight_branch_05,weight_branch_06,weight_branch_07,weight_branch_08,weight_branch_09,weight_branch_10,weight_branch_11,weight_branch_12,weight_branch_13,weight_branch_14,weight_branch_15,weight_branch_16,weight_branch_17,weight_branch_18,weight_branch_19
0.0,3.618033988850521,3.0075047751379955,3.0075047751379955,1.6549104982938148,1.6549104982938123,0.48859876907281785,0.4885987690728168,4.207749171048455e-06,4.2077410240836175e-06,2.12332275928474e-06,-2.1233227590637474e-06,-4.207741024622581e-06,-4.207749171160717e-06,-0.488598769072817,-0.4885987690728174,-1.6549104982938116,-1.6549104982938143,-3.007504775137996,-3.007504775138,-3.6180339888505197,5.199385559249013e-32,2.615075577137077e-32,8.49899562569555e-33,2.8827362538558142e-31,7.633713265613379e-32,3.3646023859371015e-31,7.445273996084438e-32,2.3992960664050774e-06,3.1972668115787944e-06,2.3510348445399226e-05,2.3510348448116495e-05,3.197251555435415e-06,2.3993348646196007e-06,2.755443604439293e-31,5.179484064967123e-31,5.009023440030946e-33,7.787541240739111e-32,5.614721092318521e-32,2.768903552262787e-32,1.9997636766342353e-32
0.010067114093959731,3.611374225919668,3.117203584266709,2.8898584172187096,1.7970472128090174,1.515124156387172,0.5774229892049397,0.4073018809166973,0.020052693876395404,0.014888073682365895,0.00868741868836965,-0.008687418688369322,-0.014888073682365775,-0.02005269387639524,-0.4073018809166966,-0.5774229892049353,-1.5151241563871634,-1.797047212809019,-2.889858417218715,-3.117203584266712,-3.6113742259196604,6.539797803517405e-32,9.459933790130597e-32,5.169572756820986e-32,4.1704903639019115e-32,7.373127166594169e-32,3.0068320278741917e-31,3.99508041840792e-31,0.011558241203272573,0.013077737909327496,0.09818248975672055,0.0981824897567211,0.013077737909326264,0.011558241203273874,2.556055853237826e-31,1.3490855298469634e-31,3.3602222919336413e-32,3.945642775594084e-32,4.5738227365181954e-32,1.7497754628570662e-32,5.047780313154246e-32
0.020134228187919462,3.591455311576765,3.2180155137056947,2.765257957370191,1.9405944508785182,1.3785679540174196,0.6736401904669539,0.33358269637697513,0.0457210591439671,0.02508709454386112,0.016838065652966593,-0.01683806565296635,-0.025087094543860777,-0.04572105914396705,-0.3335826963769756,-0.6736401904669521,-1.378567954017422,-1.940594450878524,-2.765257957370188,-3.2180155137057,-3.59145531157677,5.505824683425046e-32,1.3579820334468192e-31,1.115446158463584e-31,4.47790047102512e-32,8.626769266480056e-32,1.2052343941293833e-31,5.10497920665261e-31,0.02188361101974165,0.028116221955806365,0.2026237725041817,0.2026237725041822,0.028116221955805897,0.021883611019741615,3.0587715058745656e-31,1.0441719500237454e-31,4.823239838970502e-32,5.165701378849673e-32,1.4416959335697628e-31,2.5439914037453823e-32,8.741882389128516e-32
0.030201342281879196,3.558457605233396,3.30906678005496,2.634738989805303,2.0845613301621717,1.2460535918061417,0.7770289593547306,0.2674116792082352,0.07742570281646577,0.031091778312121007,0.023915478725118355,-0.02391547872511829,-0.031091778312121093,-0.07742570281646581,-0.267411679208235,-0.7770289593547298,-1.246053591806139,-2.084561330162174,-2.634738989805319,-3.3090667800549745,-3.5584576052334094,7.121869287150464e-33,3.316769079591067e-31,9.470316446311565e-32,7.79656954659886e-32,1.3319665272569922e-31,3.121760675847794e-31,9.848387741007877e-31,0.03116951639359298,0.04582587832314654,0.32097452926783265,0.3209745292678342,0.04582587832314634,0.031169516393593343,5.990788260269778e-31,1.929457401233376e-32,9.543017865495371e-32,1.0897560096604176e-31,4.022492995630316e-32,2.3532301472652977e-32,1.8634521653954473e-32
0.040268456375838924,3.512679170899633,3.3895598732350196,2.4993669261778138,2.2279159342301456,1.1183178796115094,0.8872788355044322,0.20868431374689692,0.11555041588008443,0.033411272073854116,0.029383985170803078,-0.029383985170802963,-0.033411272073853936,-0.11555041588008433,-0.20868431374689617,-0.8872788355044335,-1.1183178796115056,-2.227915934230145,-2.499366926177809,-3.389559873235015,-3.512679170899634,6.0185148809633e-32,4.074438097130271e-32,2.4822056227839934e-32,2.936274163353009e-32,5.346747140440186e-32,9.072199514213589e-32,1.9919318978024226e-30,0.039551061269290415,0.06741658841000002,0.46437646331253285,0.46437646331253474,0.06741658840999987,0.03955106126929012,5.561547555396948e-31,1.7220122846430838e-31,4.0194103141299736e-32,2.5574817242043145e-32,1.4369159612891602e-32,6.628108373161404e-32,6.279933620912237e-32
0.050335570469798654,3.458783417776532,3.4545320145583807,2.369596130581997,2.3602244844631013,1.0039895167379698,0.9960171458944002,0.16043551097070963,0.15722674309098655,0.03270951897202273,0.03256515722550837,-0.03256515722550842,-0.03270951897202283,-0.15722674309098636,-0.16043551097070974,-0.9960171458944025,-1.003989516737971,-2.3602244844630955,-2.3695961305819897,-3.454532014558387,-3.4587834177765444,1.7909294590977188e-32,6.704245133249997e-32,6.277259898722073e-32,2.552240393801514e-32,2.2384248030331997e-32,1.0504763582214254e-31,0.04712586094258623,1.9544745964391293e-28,0.6516672182457208,0.09510775635507807,0.09510775635507833,0.6516672182457194,1.515676627899708e-27,0.0471258609425865,6.379652901147989e-32,1.2713797801217792e-32,2.476393725337873e-32,1.309421624773074e-31,9.444625847217705e-32,7.631122930798062e-32
0.06040268456375839,3.516121023119597,3.384536895615459,2.5085210609797723,2.218399178146936,1.1266713204567036,0.8797229326208627,0.212371025074531,0.11280195605637885,0.03336091699527528,0.029080192700579068,-0.029080192700579155,-0.03336091699527534,-0.11280195605637883,-0.21237102507453112,-0.8797229326208637,-1.126671320456699,-2.218399178146933,-2.5085210609797666,-3.3845368956154576,-3.5161210231195974,5.800672458651082e-32,2.8918557140351156e-32,8.948828190352392e-32,6.350963673052029e-32,1.6419219881740595e-31,1.3712993224618128e-31,0.053966925924944856,4.4844399488084324e-30,0.9196852080693526,0.13341588225490272,0.13341588225490172,0.9196852080693526,6.051036115613979e-31,0.05396692592494517,6.955907097102386e-32,2.2005288189570076e-31,6.649666267170352e-32,5.563689170257523e-32,1.1677345147065596e-31,5.897962814621797e-32
0.07046979865771812,3.561058991152935,3.3033167900430476,2.6436031450768085,2.074970985737147,1.2547469445900739,0.7699190039498655,0.27158996008902525,0.07511635229704963,0.030811812288532088,0.023487786923905886,-0.023487786923905712,-0.030811812288532067,-0.07511635229704978,-0.27158996008902436,-0.7699190039498676,-1.254746944590072,-2.074970985737148,-2.6436031450768014,-3.303316790043043,-3.5610589911529242,2.207714046521395e-32,2.093212267159438e-31,5.542671917643756e-32,1.420280445394537e-32,3.0673427033856633e-31,1.0033463978005564e-31,0.06013087992823142,1.548001660987684e-28,1.3544054168648132,0.19307478684008578,0.1930747868400854,1.354405416864807,1.1272038331706747e-29,0.060130879928231615,6.798557766367041e-32,1.8972542587293237e-31,4.674553851892971e-32,2.647619779731855e-32,3.479964658866883e-32,4.1892229112667474e-32
0.08053691275167785,3.5931927660076304,3.2115891028831074,2.7737604284548922,1.9310003761948842,1.3875545468902661,0.6669996727777211,0.3382617374749029,0.04382650972616197,0.024543209533472235,0.016322147353297713,-0.016322147353297414,-0.024543209533471815,-0.04382650972616186,-0.33826173747490274,-0.6669996727777215,-1.3875545468902706,-1.9310003761948802,-2.7737604284548887,-3.2115891028831065,-3.5931927660076264,1.6138031148119084e-31,3.9491606459843033e-32,6.668209237335017e-32,1.0522977800695666e-31,3.2662907489889904e-31,4.2244051758559365e-31,0.0656633253804205,6.314270990654596e-29,2.218475174263603,0.3071201284557079,0.30712012845570685,2.218475174263584,1.764901809279594e-28,0.0656633253804206,3.7934253057342176e-31,1.7597281722733437e-31,2.397883588851357e-31,5.361331140076293e-32,1.625886229074052e-32,6.420516991040019e-32
0.09060402684563758,3.6122320297307624,3.1101567462750386,2.8979290990888473,1.787516858599767,1.524352136875207,0.5712694247132308,0.4124860426617104,0.018545978167078234,0.014046791293688158,0.008119020274188513,-0.008119020274188347,-0.014046791293688405,-0.018545978167078387,-0.4124860426617104,-0.5712694247132297,-1.5243521368752078,-1.787516858599767,-2.8979290990888433,-3.110156746275045,-3.612232029730787,1.1623809974553415e-31,9.274799162684591e-32,4.5792840134319357e-32,2.0898781440532353e-31,2.029043594261518e-32,7.434680387234324e-31,0.07060240822954644,1.5737292582626512e-25,4.898324822125042,0.6503697590627574,0.6503697590627561,4.898324822125067,1.1264254722603284e-25,0.07060240822954629,1.728362858735083e-30,1.982360888379052e-31,9.7417985248036e-32,1.5103877044964815e-31,1.6785725796053845e-31,9.00204304772909e-32
0.10067114093959731,3.618004367605036,3.0150759920322128,2.999898215824421,1.6643232505803685,1.6455082143139135,0.494287229305561,0.48294379466269327,0.0011710437768835077,0.0011480808351936446,0.0005851032995833859,-0.0005851032995833122,-0.0011480808351935524,-0.0011710437768832761,-0.4829437946626928,-0.49428722930556007,-1.6455082143139115,-1.664323250580369,-2.999898215824408,-3.0150759920322026,-3.618004367605028,3.766310970009062e-31,1.1861916040861511e-31,1.128200079277364e-31,1.1129803542470043e-32,1.8262334505471272e-31,0.07498121516295307,2.7902435666925902e-30,72.38551350291432,2.940860431903541e-17,9.094198362886768,9.094198362885978,2.847523034756254e-17,72.38551350292165,4.049000023633145e-29,0.07498121516295306,1.0825416145750938e-31,1.303387287400046e-31,8.226643390491185e-32,5.546715817734253e-32,1.156353853346336e-31
0.11073825503355704,3.6104574482307115,3.1242109008116246,2.8817568126703597,1.806583854875858,1.5059105572296625,0.5836094435468212,0.40215142736062587,0.021584379337752303,0.01570850881661405,0.009253431349176446,-0.009253431349176246,-0.01570850881661406,-0.02158437933775208,-0.40215142736062626,-0.5836094435468208,-1.505910557229665,-1.8065838548758608,-2.8817568126703588,-3.1242109008116294,-3.6104574482307057,1.8483739370645521e-31,5.073508652169856e-32,3.7712032426049106e-32,7.190990739771662e-32,4.215191422263353e-33,0.07882939691888113,2.5376889853802976e-31,4.738693565458297,1.2561852530337465e-25,0.5549616219507726,0.5549616219507724,1.04643471007773e-25,4.738693565458326,6.000951963505917e-31,0.0788293969188812,2.5517636430895765e-31,1.2632317534705116e-31,7.341083909818137e-32,3.54314251266902e-32,5.134624433985189e-32
0.12080536912751678,3.5896596857079484,3.22439851563707,2.7567291708034265,1.950190405804822,1.36959935255342,0.6803126146824012,0.32893723037127776,0.04764245002557029,0.025612332769758245,0.017349213749471237,-0.017349213749471345,-0.02561233276975837,-0.047642450025570465,-0.32893723037127803,-0.6803126146823983,-1.3695993525534182,-1.9501904058048207,-2.7567291708034327,-3.2243985156370703,-3.5896596857079563,1.3419958873279973e-32,3.184207888512617e-31,2.161727040515568e-32,1.4677265430527803e-31,5.431874910315497e-32,0.08217426946686034,2.5656108438966508e-30,2.5457887392102307,4.0348669023174664e-27,0.27318899516529255,0.2731889951652922,1.8398357489165094e-27,2.5457887392102285,8.036613944007962e-31,0.08217426946686042,1.5525600723852142e-31,2.584050600586274e-32,2.27973471705655e-32,2.2903278159729302e-32,7.110576051681941e-32
0.13087248322147652,3.555799373994987,3.3147698130431094,2.6258532588367474,2.094148964538536,1.2373815072054908,0.7841694417583897,0.2632665068187472,0.0797636030025123,0.031355361902809145,0.0243360192615468,-0.024336019261546857,-0.031355361902809104,-0.07976360300251265,-0.263266506818747,-0.7841694417583929,-1.2373815072054886,-2.094148964538534,-2.625853258836744,-3.3147698130431102,-3.5557993739949914,4.664780836020693e-32,1.2385737034027179e-31,7.030428603331e-32,7.239599826559695e-32,2.733841631796968e-31,0.08504155803711319,8.801387923512631e-31,1.7765589970011109,3.3773174288375902e-28,0.17116119677075847,0.17116119677075897,5.820627977031514e-29,1.7765589970011149,4.7490236709826475e-31,0.08504155803711322,8.059656044824496e-32,7.152080486296643e-32,3.0197129091179073e-32,5.500809333883501e-32,1.5953900536551824e-31
0.14093959731543623,3.50918230641545,3.3945327288922513,2.4901960323805703,2.2374252554312104,1.1099886255537652,0.8948634860980089,0.20502993592352817,0.11832894038580502,0.03344755517038957,0.029678252277381058,-0.029678252277381252,-0.033447555170389505,-0.11832894038580509,-0.20502993592352836,-0.8948634860980075,-1.1099886255537654,-2.237425255431208,-2.4901960323805734,-3.394532728892248,-3.5091823064154637,5.908958937114328e-32,1.312421771221614e-31,1.661716863214174e-31,1.64561445432017e-31,6.6486997216063485e-31,0.08745589436431023,2.0331888739084093e-30,1.3812064352557931,4.4967096460493e-28,0.11649137644488804,0.11649137644488791,2.0950197960022683e-28,1.3812064352557878,6.1902155583270575e-30,0.08745589436430999,3.8369863228015123e-31,1.338633992393112e-31,1.6182597596930065e-31,1.4012979204453328e-31,7.113513969238759e-33
0.15100671140939598,3.4629819566711464,3.450227915977379,2.3789555335700077,2.350840917297395,1.01198845827606,0.9880715031279702,0.16367563508678928,0.15404925290309304,0.032841993935956874,0.03240906557739317,-0.032409065577393106,-0.03284199393595695,-0.15404925290309288,-0.16367563508678876,-0.9880715031279723,-1.0119884582760603,-2.350840917297389,-2.3789555335700006,-3.4502279159773743,-3.4629819566711353,8.465400376953211e-32,6.426270755279335e-32,2.99738477160114e-32,5.9310500572774e-32,0.08944114226908197,1.1634386858701565e-28,1.1386490027418272,1.8363121464676563e-27,0.08133323653322855,4.6483431030631286e-26,5.790007940770059e-28,0.08133323653322878,7.216215213860078e-29,1.1386490027418303,2.6020146792063325e-28,0.08944114226908197,2.9465639155165195e-32,9.108621456116255e-32,8.662270153161424e-32,2.526212602464886e-32
0.1610738255033557,3.5195077255303526,3.3794639942922906,2.5176581143987273,2.208875305344991,1.135048765073739,0.872195908493397,0.21609013062460317,0.11008346653007178,0.03329633477820981,0.028767032821962992,-0.02876703282196277,-0.03329633477820955,-0.11008346653007181,-0.21609013062460306,-0.8721959084933981,-1.1350487650737358,-2.208875305344992,-2.5176581143987233,-3.379463994292297,-3.519507725530354,6.617377328568464e-32,9.018103176504156e-32,9.759114290891743e-32,9.919287816320865e-32,0.09102060344932716,2.062976610929266e-30,0.9735257939158406,3.7971334633704553e-29,0.056217432275676146,3.8689318587869377e-28,1.4659214525211012e-30,0.05621743227567581,1.3810522300399133e-29,0.9735257939158406,6.909902571754513e-31,0.09102060344932697,3.3789010989553426e-31,7.838491900687609e-32,8.963877764249506e-32,4.6859098559133995e-32
0.17114093959731544,3.5636034273545056,3.2975200680906607,2.652445405655003,2.0653782420185873,1.2634613580038612,0.7628396799393136,0.27580139045462887,0.07283544324123747,0.030515311262022896,0.023053102428426012,-0.02305310242842587,-0.030515311262022962,-0.07283544324123756,-0.27580139045462765,-0.7628396799393155,-1.2634613580038632,-2.065378242018589,-2.652445405654991,-3.2975200680906522,-3.5636034273545167,9.641412271977598e-32,5.398191358958247e-32,9.340534175668989e-32,2.5138784824118165e-31,0.09221713971420802,2.255049584995079e-31,0.8531011997797256,3.657262356595657e-30,0.03704553313016196,3.328835788054442e-29,1.919460929815525e-30,0.03704553313016168,4.896599512303429e-30,0.8531011997797268,4.3261723282712136e-31,0.09221713971420809,3.762235707487148e-31,3.4614294265592044e-32,3.7361323830011073e-32,3.529633923544069e-32
0.18120805369127516,3.594871979064339,3.205119532284799,2.7822362721731215,1.9214084817911405,1.3965589005624481,0.6603911394255737,0.3429743731751759,0.04195868175596376,0.023980528837696177,0.01580161773779156,-0.015801617737791325,-0.023980528837695934,-0.04195868175596358,-0.34297437317517665,-0.6603911394255734,-1.3965589005624512,-1.9214084817911479,-2.78223627217312,-3.2051195322848085,-3.594871979064336,5.078994921073495e-32,2.7565658710773856e-31,4.464597764705719e-32,1.93651625791581e-31,0.09305323719996292,2.9877679407843917e-30,0.7608503791287498,4.9240109292025296e-30,0.021757830974595136,9.797294198565116e-29,4.174651714552758e-30,0.02175783097459498,4.278604637067984e-30,0.7608503791287488,2.7117978974881472e-31,0.09305323719996297,3.2824489073330154e-32,4.218486034854929e-32,4.864197058564987e-32,1.4447919088692038e-31
0.1912751677852349,3.6130308250746515,3.103070656914492,2.905968557199943,1.7779930784812668,1.5335942468843473,0.5651488017272533,0.4177039090525629,0.017064102320543083,0.013184517720883748,0.0075483951337650184,-0.007548395133764896,-0.013184517720883566,-0.017064102320542868,-0.4177039090525626,-0.5651488017272546,-1.5335942468843413,-1.7779930784812652,-2.9059685571999414,-3.1030706569145066,-3.613030825074646,1.5110830468029588e-31,3.3026942493163957e-32,1.5543112816635112e-31,6.221166239177268e-30,0.09355103069288581,3.0697806577297376e-30,0.6875238665422841,1.089035082489974e-27,0.009206317036519406,2.297786743085887e-28,1.5704951530034328e-28,0.009206317036519475,8.516469742686783e-28,0.6875238665422847,6.885806380745631e-30,0.09355103069288569,3.8182138593948605e-30,7.990897486123262e-33,1.286183982759061e-31,3.081174775664455e-32
0.20134228187919462,3.617915505063641,3.022611579839176,2.9922566018300594,1.6737462003758403,1.6361166682481123,0.5000091474294845,0.47732233234453353,0.0023651764041207795,0.002273325307448492,0.0011700417571629785,-0.0011700417571628243,-0.0022733253074481356,-0.0023651764041204186,-0.47732233234453453,-0.5000091474294854,-1.6361166682481085,-1.6737462003758414,-2.9922566018300563,-3.0226115798391717,-3.617915505063647,3.005856001588538e-32,1.1773000266868294e-31,2.039555807747954e-31,0.093732300986542,5.12825020876457e-31,0.6275371533682608,2.64518104199721e-29,0.0013004904329892626,6.897645410969126e-25,5.5340679512325e-27,4.559747527955215e-27,8.546052281574139e-25,0.0013004904329892324,1.7161686537931606e-28,0.6275371533682607,1.3365559531512906e-28,0.09373230098654199,1.533773111123551e-32,7.702228880032514e-32,2.49922506443008e-32
0.21140939597315433,3.609481733628347,3.1311784271289786,2.8736245873583486,1.8161264975559521,1.4967115898638101,0.58982873435996,0.3970346839553568,0.023141163840709952,0.016508241002420408,0.009816899235133394,-0.009816899235133788,-0.016508241002420484,-0.02314116384071007,-0.3970346839553575,-0.5898287343599624,-1.4967115898638084,-1.8161264975559597,-2.8736245873583397,-3.131178427128981,-3.609481733628351,1.345425116992076e-32,1.2732140996423052e-32,1.0305624564852422e-31,0.0936184545221583,2.4960897671117245e-30,0.5773171738543993,3.1435963441208414e-30,0.010205755989725137,7.934136116751888e-29,2.929410547959779e-29,7.557133724538838e-30,1.2401234150823114e-28,0.01020575598972499,2.239257991800937e-31,0.5773171738543992,1.3969570106266435e-30,0.09361845452215832,9.517713751524243e-32,5.689398588894744e-32,4.519693232137619e-32
0.22147651006711408,3.5878059606672634,3.2307378610711868,2.7481743812285915,1.9597879401232783,1.3606489716244008,0.6870168658503305,0.3243253184642843,0.04959080166093378,0.0261190733947797,0.017855432769981215,-0.017855432769981285,-0.026119073394779566,-0.04959080166093368,-0.32432531846428475,-0.6870168658503297,-1.3606489716244012,-1.9597879401232845,-2.7481743812285853,-3.230737861071205,-3.5878059606672696,2.117811069093115e-32,1.6572603832666725e-31,1.4966331542287328e-31,0.09323049193995936,2.319598073588708e-31,0.5344705713614609,5.304677397870391e-31,0.017808840101805987,6.649313352511215e-30,2.8137027501246856e-30,4.883362491613996e-31,9.299510662068468e-31,0.017808840101806122,1.923842637697529e-31,0.5344705713614619,1.9885243975786705e-31,0.09323049193995939,1.2214300806247393e-31,4.4336430914153417e-32,1.8474341805817753e-31
0.2315436241610738,3.553084404092167,3.3204256656289304,2.6169462715092005,2.1037335775120227,1.2287308967475563,0.7913403449865497,0.25915440055554295,0.0821301601998234,0.031602715834271856,0.024749249992823467,-0.02474924999282329,-0.031602715834271745,-0.08213016019982353,-0.25915440055554245,-0.7913403449865515,-1.2287308967475552,-2.1037335775120236,-2.6169462715091982,-3.320425665628923,-3.5530844040921816,1.6643125832217996e-32,1.289595041258866e-31,3.469939813782082e-31,0.0925889702908789,3.2342176329608545e-31,0.49733357391001054,1.8984530647937133e-30,0.024321580070291348,6.164851771062602e-31,6.421366341401079e-32,6.155682219130796e-32,8.365970954140303e-32,0.024321580070291244,4.637593663767691e-31,0.4973335739100102,2.6361657646292105e-31,0.09258897029087888,7.114635145646867e-32,1.1023980809422908e-31,2.0102278268340647e-32
0.24161073825503357,3.505630569364719,3.399455266208416,2.4810087020699303,2.2469268232151127,1.10168373961996,0.9024767515856775,0.20140782963751958,0.1211376229649373,0.03346992158069432,0.029962836120425843,-0.029962836120425634,-0.03346992158069379,-0.12113762296493676,-0.20140782963751896,-0.9024767515856802,-1.1016837396199637,-2.246926823215117,-2.481008702069934,-3.3994552662084168,-3.5056305693647167,8.830478070206657e-32,2.0167120566913637e-32,7.212620609428383e-30,0.09171396230623645,2.68991943152674e-30,0.4647136286824218,3.332118806658747e-30,0.02990038072051895,1.841967743573322e-31,2.8916256982538863e-31,1.1562435710286471e-31,5.5554246415637445e-33,0.029900380720518864,1.2659145604815433e-30,0.46471362868242205,1.1763209352870572e-29,0.09171396230623644,8.277214574820882e-32,1.103441617666735e-31,4.399636864289217e-32
0.2516778523489933,3.46712746431413,3.4458712930174125,2.3883023712091287,2.341445751018946,1.020013811390957,0.9801527440830765,0.16694719285642778,0.15090296074403073,0.03296242532881357,0.03224140099825697,-0.0322414009982569,-0.032962425328813605,-0.15090296074403034,-0.16694719285642737,-0.9801527440830763,-1.0200138113909554,-2.3414457510189433,-2.3883023712091243,-3.4458712930174125,-3.4671274643141317,1.508348895093035e-31,1.6377203498726074e-31,0.09062501514666868,2.1653379894172186e-28,0.4357337411503165,1.180481843938851e-28,0.03466532360632379,1.7319750366391248e-29,1.7684408470132653e-31,1.3866106293692272e-31,6.711058834262391e-32,9.172121936536936e-32,4.816832594442061e-30,0.0346653236063238,2.8541821544904696e-28,0.43573374115031616,2.4897515980545974e-30,0.09062501514666856,7.275948977360102e-32,3.725576859722713e-32
0.26174496644295303,3.5228391427472614,3.3743413693932665,2.526777764157521,2.1993446336006546,1.1434500287727738,0.8646978923969306,0.21984168985809738,0.10739485193233109,0.033217370409408004,0.028444663543542963,-0.028444663543542865,-0.0332173704094078,-0.1073948519323312,-0.2198416898580973,-0.864697892396933,-1.143450028772772,-2.1993446336006546,-2.5267777641575266,-3.3743413693932607,-3.5228391427472556,1.0967908027812324e-32,5.195996574048691e-31,0.08934111034437098,4.897277289889988e-30,0.4097348002516506,1.0172435571031537e-30,0.03871196373477155,2.6616121535856566e-31,1.2742714963221958e-31,6.66749099836191e-32,3.225229681875479e-32,1.6328888527467258e-31,3.5520733411042858e-31,0.03871196373477166,1.7044793796919007e-30,0.40973480025165054,5.095631906572974e-32,0.08934111034437088,2.4110785453624767e-31,1.3028545293643732e-32
0.27181208053691275,3.5660908117003265,3.2916768409734543,2.661265452902051,2.0557834091478306,1.2721966229066946,0.7557910899400998,0.2800460099192149,0.0705828665965497,0.030202122871044918,0.022611583838035527,-0.022611583838035364,-0.030202122871045022,-0.0705828665965495,-0.2800460099192139,-0.7557910899400992,-1.2721966229066997,-2.055783409147829,-2.6612654529020534,-3.29167684097346,-3.5660908117003416,1.409935077808622e-31,5.507726520145266e-31,0.08788062613877871,2.5163240649325906e-31,0.38621212811494954,4.316274185807401e-31,0.04211882268057617,2.3838578951687263e-31,1.1704490387294958e-31,5.10283144995961e-32,1.2879867122301802e-32,3.5317849384535544e-32,1.0272388754428887e-31,0.04211882268057615,1.66439808229464e-31,0.38621212811494904,7.931490676969896e-32,0.0878806261387787,2.775617827408533e-31,1.3900950416493314e-31
0.28187919463087246,3.5964928831445477,3.198607052522073,2.7906851772464862,1.9118190668775994,1.4055807829493439,0.6538146664604357,0.3477206214975141,0.040117454499597006,0.023398903844155248,0.015276635707502765,-0.015276635707502543,-0.02339890384415518,-0.040117454499596986,-0.3477206214975141,-0.6538146664604336,-1.4055807829493416,-1.9118190668775925,-2.790685177246489,-3.1986070525220764,-3.5964928831445406,1.5090680173476465e-31,4.797305947914447e-31,0.08626130303102576,6.610058132639819e-31,0.36477301105963705,3.2069500023414685e-32,0.044952259190233435,9.199737737926573e-32,5.466103162020876e-32,6.692601472884075e-32,1.9289405670767926e-32,6.441832922103998e-32,1.0776456770443987e-31,0.044952259190233344,1.7708841938942556e-31,0.3647730110596373,1.0654838731110722e-31,0.08626130303102572,5.885246003514023e-31,6.794289846416923e-32
0.29194630872483224,3.613770579738878,3.0959455875453705,2.913976491320954,1.768476157662915,1.5428502332666416,0.5590611701826168,0.422955474958955,0.015606935856061785,0.012301109417349614,0.00697570229948957,-0.006975702299489759,-0.01230110941734991,-0.015606935856062059,-0.42295547495895525,-0.5590611701826173,-1.542850233266641,-1.7684761576629147,-2.913976491320961,-3.0959455875453723,-3.613770579738889,8.47576078390755e-31,1.0127348792353109e-29,0.08450021310788638,1.2016809720375782e-29,0.34510752264691014,7.219088602253507e-31,0.04726969523890789,1.52220592940678e-31,7.56234585850271e-31,2.1661621003357306e-31,1.8782775141042143e-31,6.230887796519983e-31,1.6023468765736627e-31,0.04726969523890789,2.5420338401903997e-31,0.3451075226469103,6.325792096372591e-30,0.0845002131078863,1.9614179125776307e-29,7.891738057054804e-32
0.30201342281879195,3.617767404811589,3.030111252977205,2.9845802219487356,1.6831790757034715,1.6267361285023172,0.5057644938463288,0.4717344067303918,0.0035825488741035626,0.003375885793891277,0.0017546633730299444,-0.0017546633730295942,-0.0033758857938909438,-0.003582548874103206,-0.4717344067303915,-0.5057644938463294,-1.6267361285023172,-1.6831790757034732,-2.984580221948741,-3.0301112529772034,-3.617767404811581,1.3408943149720638e-30,0.08261373348343519,1.8158230934805257e-29,0.32696801308515855,7.2777357428121925e-28,0.0491217866186757,1.9776658430189588e-29,4.267999385410997e-30,1.5039325937887463e-30,4.179217585796661e-31,4.37682542593333e-31,1.5530135425809284e-30,4.374479893949638e-30,4.029475945098701e-30,0.049121786618675785,2.819309513834533e-30,0.32696801308515844,1.1286319610084979e-28,0.08261373348343524,6.056012257247842e-31
0.31208053691275167,3.6084471214500304,3.1381058957496997,2.8654620440148704,1.8256748526064086,1.4875275033926394,0.5960808065387339,0.39195165108752494,0.024723176066876643,0.017287414915350744,0.010377663330833205,-0.010377663330832988,-0.01728741491535048,-0.02472317606687619,-0.3919516510875253,-0.5960808065387346,-1.487527503392641,-1.825674852606408,-2.8654620440148633,-3.138105895749699,-3.608447121450013,4.233295082482725e-31,0.08061752405615036,5.600029985359679e-31,0.3101543943935724,1.3339549868067347e-31,0.05055390353614824,4.589653556257298e-32,2.4688120009567422e-31,1.071510320138882e-31,2.122124415731597e-31,1.9135741871008623e-31,9.111810309708528e-32,1.9569315851540976e-31,1.0204432470576797e-32,0.050553903536148276,9.044250274384481e-31,0.31015439439357234,2.544125460167486e-30,0.08061752405615033,1.7350631135560544e-30
0.3221476510067114,3.5858942110466447,3.2370333039250934,2.739593901692787,1.9693867521839792,1.3517170388649602,0.6937528626323408,0.31974693818611577,0.05156623260513158,0.02660746587953996,0.018356563856966008,-0.01835656385696598,-0.026607465879539906,-0.051566232605131934,-0.3197469381861157,-0.6937528626323404,-1.3517170388649589,-1.9693867521839856,-2.739593901692792,-3.2370333039251067,-3.5858942110466643,9.120188386003654e-32,0.07852650966616458,2.2236575850368332e-30,0.2945033902578019,7.398224193773734e-31,0.05160715367324595,7.896302945274468e-32,8.639850714726971e-32,8.175980972831421e-32,5.79560405447064e-32,7.78171936941244e-32,6.164817798914949e-32,4.75303881938544e-32,7.214336928549748e-32,0.051607153673246066,6.535373887182763e-31,0.2945033902578019,4.78284023612685e-31,0.07852650966616455,3.1801315298085966e-30
0.33221476510067116,3.5503128044287897,3.3260341161509204,2.60801834748606,2.1133148571441525,1.2201019647913243,0.7985415610859423,0.2550753166899779,0.08452548088570316,0.031833993079092765,0.025155012410084696,-0.025155012410085067,-0.03183399307909333,-0.08452548088570376,-0.25507531668997874,-0.7985415610859434,-1.220101964791327,-2.1133148571441525,-2.608018347486062,-3.326034116150916,-3.5503128044287853,8.729816806342786e-30,0.07635486665145733,2.000741797594425e-31,0.2798805536319569,5.086150338436603e-32,0.052319098625694914,6.7147661236602e-32,1.0150858757709396e-31,8.702243451643988e-32,4.427806483424266e-32,1.4964519433886434e-32,3.9589610247660214e-32,9.957747682307424e-32,1.2553925888456375e-31,0.05231909862569505,4.046896308849982e-31,0.2798805536319568,1.7551197632168736e-31,0.07635486665145735,7.69887595265412e-30
0.3422818791946309,3.5020241015898703,3.4043272906956954,2.4718052578054457,2.256420318690852,1.0934034014627094,0.9101184973832207,0.1978179316817142,0.12397655600665194,0.03347852673618527,0.03023757885749537,-0.030237578857495295,-0.03347852673618516,-0.12397655600665163,-0.1978179316817139,-0.9101184973832224,-1.0934034014627108,-2.2564203186908394,-2.471805257805442,-3.40432729069568,-3.502024101589878,2.7087725387518004e-28,0.07411601373560307,5.22412973965151e-32,0.2661742522636493,4.960906813042585e-31,0.05272426333526575,5.971763508805912e-32,9.199230241519652e-32,1.7508124832635514e-32,2.617493745742851e-33,2.0873058459107157e-32,2.7304660683986165e-32,7.276535668952321e-32,4.902662729989166e-32,0.0527242633352658,1.921098224529805e-31,0.26617425226364944,3.1661514569986504e-30,0.07411601373560316,3.506981056729225e-28
0.3523489932885906,3.471219775819366,3.441462318676043,2.397636321163578,2.33203930739577,1.0280654152331103,0.9722610226628952,0.1702502605606801,0.1477877858411905,0.03307065645752144,0.0320623205454569,-0.03206232054545685,-0.03307065645752126,-0.14778778584119043,-0.1702502605606798,-0.9722610226628955,-1.0280654152331126,-2.3320393073957697,-2.3976363211635805,-3.441462318676043,-3.4712197758193644,0.07182260712802177,1.4115934006974733e-27,0.2532910769610757,1.252656978279151e-27,0.05285450512722797,6.980794396787252e-30,7.754220223994532e-32,5.076449135894477e-32,2.4891720673887996e-32,2.7799825200492693e-32,1.0302862435600923e-32,8.124514432142554e-33,4.5363535742122734e-32,8.884066702764236e-32,1.7776297843864457e-29,0.05285450512722793,1.1013120025859876e-27,0.25329107696107583,1.8426877818945433e-30,0.07182260712802176
0.3624161073825503,3.526115141553566,3.369169222903957,2.5358796881060415,2.1898074802876724,1.151874925194691,0.8572290118338817,0.2236257609703832,0.10473601591911597,0.03312386902270941,0.028113242925269594,-0.028113242925269417,-0.03312386902270921,-0.10473601591911559,-0.22362576097038275,-0.8572290118338791,-1.1518749251946914,-2.189807480287678,-2.535879688106043,-3.369169222903968,-3.5261151415535688,0.06948653967686245,3.473411262609195e-29,0.2411522942223745,2.358938167303867e-30,0.05273928732351712,5.801218533631268e-31,6.955956384062381e-32,9.59975403207668e-32,3.4850846089331077e-32,5.063228042393015e-32,4.955751946771627e-32,6.83720026161255e-32,4.3379072772884697e-32,9.010786231274332e-33,1.3025425594076664e-31,0.05273928732351705,2.7015874814617703e-31,0.24115229422237425,2.3221333949673135e-31,0.06948653967686251
0.37248322147651003,3.568521044319576,3.2857873371468607,2.6700629685551114,2.0461867966377434,1.2809525285770587,0.7487733347911761,0.28432385670982263,0.06835851246996287,0.029872094967396425,0.022163389779658357,-0.022163389779658253,-0.029872094967396408,-0.06835851246996327,-0.2843238567098223,-0.7487733347911756,-1.2809525285770622,-2.0461867966377403,-2.670062968555103,-3.2857873371468647,-3.568521044319574,0.06711894388216695,5.468952817643275e-30,0.22969107624629714,6.1098195307095985e-31,0.05240588798786742,1.215807478628908e-31,2.027655922590497e-31,3.5237721544813245e-32,1.186578940473914e-31,7.711418206128446e-32,2.3648623557396175e-32,9.585483725846663e-32,6.717578344705949e-32,1.754407930826552e-31,8.423755129667854e-32,0.0524058879878675,6.455067869760249e-32,0.22969107624629714,2.9780784775144517e-30,0.06711894388216696
0.3825503355704698,3.59805541298351,3.1920519156883276,2.7991068330190223,1.90223242982387,1.4146199604995435,0.6472703281733114,0.3525004989642956,0.038302706514302134,0.022798186234832735,0.014747360176471432,-0.014747360176471632,-0.022798186234832804,-0.038302706514302245,-0.352500498964296,-0.647270328173311,-1.4146199604995415,-1.9022324298238669,-2.799106833019023,-3.1920519156883316,-3.5980554129835065,0.06473019855101365,7.273204623872876e-31,0.21885031706833039,6.186009255357795e-32,0.05187956463676923,1.0485049035246987e-31,1.7315824954726095e-32,9.663685961388848e-33,1.2822356099831137e-31,1.4408570280145857e-31,7.223820141150011e-32,1.0531040009211317e-31,9.566569098891353e-34,4.2260625972940895e-32,1.1899159856072609e-31,0.05187956463676921,2.103227518820789e-31,0.21885031706833044,7.076894607334833e-31,0.06473019855101372
0.3926174496644295,3.614451263889932,3.0887818107955667,2.921952602086664,1.7589663803179172,1.5521198415456152,0.5530065782985101,0.42824073365751897,0.014174347709701282,0.01139642322650024,0.006401100808680585,-0.006401100808680499,-0.011396423226500186,-0.0141743477097012,-0.42824073365751847,-0.5530065782985113,-1.552119841545611,-1.7589663803179152,-2.921952602086669,-3.0887818107955782,-3.614451263889928,0.06232993885579742,4.342537581249726e-30,0.20858089588308498,4.1389626071539496e-32,0.051183689128634184,3.0643261402968935e-32,2.3936415129564458e-32,1.0131067030790308e-31,7.695757748663998e-32,1.157816288018185e-31,1.0586298148086838e-31,2.6822015535735196e-32,1.077602458039539e-31,5.478237734260586e-32,4.2372255164076235e-32,0.051183689128634184,6.28493057799125e-31,0.20858089588308498,6.703152017581171e-29,0.06232993885579741
0.40268456375838924,3.6175600728239625,3.037574726966198,2.9768693660139274,1.692621603418925,1.6173668622698096,0.5115532372863845,0.466180040779926,0.004823295745134195,0.004455899265139958,0.0023388081219000638,-0.002338808121899802,-0.00445589926514009,-0.004823295745134285,-0.46618004077992603,-0.5115532372863849,-1.6173668622698085,-1.692621603418921,-2.976869366013936,-3.037574726966203,-3.617560072823954,0.0599270695407875,0.1988402853018487,7.181981266831425e-28,0.05033986240256911,3.1342320000355097e-29,2.0491815925259948e-33,5.829379655756064e-32,3.0698417797645376e-31,6.861374862584499e-31,1.5078879521103372e-31,2.0545187556662263e-31,7.891653815308362e-31,3.072394223838855e-31,1.2078299562999565e-32,1.4770624798922888e-32,1.7902245016285578e-29,0.05033986240256907,3.5335173560084646e-28,0.1988402853018487,0.05992706954078752
0.41275167785234895,3.6073536534038824,3.144993040530968,2.857269486173603,1.8352286307984997,1.4783585455514896,0.6023656032475704,0.38690232757464393,0.026330544081649657,0.018046175593912413,0.010935564627383152,-0.010935564627382967,-0.018046175593912177,-0.02633054408164939,-0.38690232757464404,-0.60236560324757,-1.4783585455514885,-1.8352286307984873,-2.8572694861735966,-3.1449930405309647,-3.607353653403881,0.0575297810100995,0.18959142838028475,2.2402395726898276e-30,0.04936801561036692,1.041904961363353e-31,1.016014319795497e-31,7.815384166266298e-32,2.4216624674142596e-31,1.2709878072044847e-32,6.476725946557165e-32,4.525656381298135e-32,1.6670772523173797e-32,1.6666121305609484e-31,1.297804354040973e-32,9.025159347377879e-32,2.521675110406751e-31,0.04936801561036683,1.7604637230470633e-30,0.18959142838028478,0.057529781010099555
0.42281879194630867,3.5839245137596647,3.2432845996523882,2.7309880457998403,1.978986539551433,1.342803780410133,0.7005205219236473,0.315202065597659,0.05356886066966174,0.02707765995599053,0.018852448169025194,-0.018852448169025295,-0.02707765995599063,-0.053568860669661586,-0.315202065597659,-0.7005205219236483,-1.3428037804101338,-1.9789865395514339,-2.730988045799835,-3.243284599652382,-3.583924513759675,0.05514556802178838,0.18080182703865877,5.109945641544786e-31,0.04828650202690099,1.5237517176593783e-31,1.3123680471458567e-32,4.700883500226859e-32,5.63321778043868e-32,3.298860604983867e-32,2.5237554214349615e-32,3.83007985620909e-33,2.3646082966136525e-32,7.407279742785391e-32,4.2044507107633165e-32,5.861637775590618e-32,1.5736614866000765e-31,0.04828650202690095,1.594307798911872e-30,0.18080182703865863,0.05514556802178831
0.43288590604026844,3.547484686151992,3.331594944676919,2.599069806739454,2.122892490926987,1.2114949140889553,0.8057729803242466,0.2510292101377171,0.08694967066117402,0.03204934680408836,0.02555314803737145,-0.02555314803737147,-0.03204934680408832,-0.08694967066117404,-0.25102921013771745,-0.8057729803242435,-1.211494914088957,-2.122892490926988,-2.599069806739458,-3.3315949446769224,-3.5474846861519835,0.052781250707631164,0.17244279819091185,3.7792742145156927e-31,0.047112182635518175,1.478353168801072e-32,1.7035967156161606e-31,1.9271541765338705e-32,9.516008364688469e-32,7.885704575710875e-32,5.5645755305752536e-33,8.383376258661932e-33,4.484613373386345e-32,7.9616515383329e-32,8.533079406138037e-33,8.433855429731619e-32,2.0336175342161134e-31,0.04711218263551815,1.273937272058862e-32,0.17244279819091185,0.052781250707631275
0.44295302013422816,3.4983630470703044,3.4091486097679597,2.4625860222079825,2.2659054226269633,1.0851477890461354,0.9177885871397387,0.19426017761724013,0.12684583088890722,0.03347352620018879,0.03050232270573175,-0.03050232270573139,-0.033473526200188584,-0.12684583088890666,-0.19426017761723982,-0.9177885871397374,-1.085147789046137,-2.265905422626965,-2.462586022207975,-3.4091486097679544,-3.4983630470702964,0.05044299763606077,0.16448886399305418,2.490891657832019e-29,0.0458605072616809,7.457139821885383e-32,3.501947542151059e-32,7.756880732089825e-32,7.297320652174775e-32,7.314642733999102e-33,3.786362128064599e-32,3.230639342011795e-32,9.339926543257314e-33,3.037488287578625e-32,6.803203893872817e-32,5.205509769192901e-32,5.03637341910709e-32,0.04586050726168081,3.4672158932406696e-31,0.1644888639930543,0.050442997636060825
0.4530201342281879,3.475258728351871,3.4370011679548784,2.40695706099594,2.3226219080137427,1.0361431072244798,0.9643964910264845,0.17358491333564322,0.14470364632123875,0.033166530727438415,0.031871981360365474,-0.03187198136036557,-0.03316653072743841,-0.1447036463212387,-0.17358491333564327,-0.9643964910264862,-1.0361431072244818,-2.3226219080137405,-2.4069570609959468,-3.4370011679548664,-3.4752587283518546,0.156917250141372,0.048136350636392315,0.04454559242891393,2.7328760915277413e-29,1.0893549876313012e-31,4.5885526318013325e-32,4.4353076256191977e-32,1.0164944860588655e-32,1.9061575734801108e-32,1.5138495197915912e-32,7.282698708229195e-33,7.94565721638455e-33,1.0896398607975229e-32,2.48652380998755e-32,7.561204121323464e-32,1.1508875915351613e-31,4.196465941320212e-29,0.04454559242891382,0.048136350636392405,0.15691725014137192
0.4630872483221476,3.5293355909079684,3.3639477586567037,2.54496356423765,2.18026416236182,1.1603232663162317,0.8497893925330019,0.2274424008828304,0.10210686118018122,0.03301567590299731,0.027772929076527883,-0.02777292907652802,-0.03301567590299766,-0.10210686118018171,-0.2274424008828305,-0.8497893925330042,-1.1603232663162308,-2.180264162361818,-2.54496356423766,-3.363947758656703,-3.5293355909079693,0.1497074718099083,0.04586625110573711,0.0431802966379868,1.4395416324829316e-30,2.6013619556031455e-32,2.2494191171227593e-32,3.186971103341186e-32,7.435063095634512e-32,8.229159684714319e-32,3.322969065077967e-33,3.65654897122479e-33,9.884549968967927e-32,8.619512324888052e-32,1.1672568461511871e-32,2.507302044567034e-32,7.272362703910497e-32,2.0139285427533643e-32,0.043180296637986885,0.04586625110573702,0.1497074718099083
0.47315436241610737,3.570894027614007,3.279851786733534,2.678837634742791,2.036588713358138,1.289728862719577,0.7417865135539368,0.2886349676586318,0.06616227013681994,0.029525075621168354,0.021708678906557977,-0.021708678906558133,-0.02952507562116827,-0.06616227013681981,-0.2886349676586323,-0.7417865135539359,-1.2897288627195769,-2.036588713358129,-2.6788376347428,-3.279851786733525,-3.5708940276140044,0.142840991116413,0.043637067525559806,0.04177629345470159,9.260885625460147e-32,7.962338919747626e-32,4.164920462067095e-32,1.5748634256217006e-32,8.250917769283292e-32,3.4348246603642383e-32,1.4025201703300258e-32,5.3008636358930105e-33,5.349565248650213e-33,9.814957016568625e-32,4.350205278969837e-32,4.545656411493717e-32,3.8213459671481035e-32,6.186948393547928e-32,0.04177629345470175,0.04363706752555966,0.14284099111641294
0.48322147651006714,3.599559505657809,3.1854543753452274,2.8075009294735556,1.8926488681453897,1.4236761982033772,0.6407581970984009,0.3573140205937036,0.03651431565692513,0.02217822799199824,0.01421395007100935,-0.014213950071009458,-0.02217822799199811,-0.03651431565692503,-0.35731402059370404,-0.6407581970984019,-1.4236761982033797,-1.8926488681453897,-2.807500929473552,-3.185454375345228,-3.5995595056578225,0.1363009333034357,0.041452623922450894,0.04034414258560373,4.628283304699e-31,1.4182216969829357e-31,7.892650865481888e-33,2.7748150428542706e-32,4.0117249287915216e-32,7.257090170324074e-32,5.507557448294103e-32,4.540931273969635e-32,4.6386182208582953e-32,5.310699284642841e-32,6.042627575690257e-33,4.260037781406086e-33,5.039627627294509e-32,5.154044677824015e-32,0.040344142585604315,0.04145262392245015,0.13630093330343582
0.49328859060402686,3.6150728500746894,3.081579600545836,2.9298965910136783,1.7494640295708652,1.561402815926262,0.5469850725813362,0.4335596768260233,0.012766206242633691,0.010470316388835393,0.0058247497032886675,-0.005824749703288418,-0.010470316388835183,-0.012766206242633627,-0.4335596768260234,-0.5469850725813356,-1.561402815926262,-1.7494640295708688,-2.929896591013678,-3.0815796005458407,-3.615072850074708,0.13007185137318042,0.039316229017041016,0.03889335899064691,9.536555296638143e-32,2.1069597801192296e-32,2.4250759829655138e-32,2.2906606859882104e-32,1.8433141512335715e-32,3.166880403159006e-32,8.6175782135148e-32,5.779832610910837e-32,2.3918221985570663e-32,1.4140758882073382e-32,1.1853749002185935e-32,3.486396765348804e-33,1.2908349019720362e-31,3.5530443501000505e-32,0.0388933589906462,0.03931622901704149,0.13007185137318056
0.5033557046979866,3.6172935174654866,3.045001718443009,2.9691243248831634,1.7020735092217498,1.6080091355201944,0.5173753448039481,0.46065925580537914,0.006087552597343452,0.005513504678903102,0.0029223167500096567,-0.0029223167500096745,-0.005513504678903061,-0.00608755259734351,-0.4606592558053782,-0.5173753448039476,-1.608009135520198,-1.702073509221749,-2.9691243248831642,-3.045001718443012,-3.6172935174654777,0.12413953090759915,0.03743248000355547,0.037230705815787274,8.414386949067923e-32,1.5842996926466136e-31,2.95980337623146e-32,6.663617110554744e-33,9.308114857663134e-32,3.31422902187024e-31,3.39315649935638e-32,2.7493752123118174e-32,4.20782996624052e-31,2.1617781977526808e-31,1.586651871971639e-32,1.7372047134285162e-32,6.720416895392003e-33,6.794924848443231e-32,0.037230705815789016,0.037432480003553564,0.1241395309075992
0.5134228187919463,3.606201373566561,3.151839596670752,2.8490472181536206,1.8447875419304542,1.4692049626984605,0.6086830659178308,0.38188671067127977,0.027963395325926312,0.018784668432996025,0.011490444122877672,-0.011490444122877717,-0.01878466843299592,-0.027963395325926583,-0.3818867106712794,-0.608683065917831,-1.4692049626984605,-1.844787541930445,-2.8490472181536233,-3.151839596670762,-3.606201373566552,0.11849082837572211,0.03596913038772672,0.03519842141223705,1.187410421388576e-32,6.863879867678862e-32,1.4135716934031062e-32,4.573200197128086e-32,1.9216377640321398e-31,1.682391583586724e-31,7.315182518711239e-33,9.129476544842458e-33,1.4968204592573834e-31,2.074513349903743e-31,7.332265726405684e-32,8.445351445660963e-33,4.876235903767623e-32,2.637698262672282e-32,0.03519842141223738,0.03596913038772659,0.1184908283757221
0.5234899328859061,3.5818969480372305,3.2494915052566644,2.7223571276937424,1.9885869990185114,1.3339094208874622,0.7073197588514898,0.31069067529774547,0.05559880291373287,0.02752980562182504,0.019342926881752636,-0.01934292688175269,-0.02752980562182516,-0.05559880291373289,-0.31069067529774513,-0.7073197588514875,-1.333909420887459,-1.9885869990185137,-2.7223571276937397,-3.2494915052566644,-3.581896948037221,0.11311353747970826,0.03451008523633073,0.033221316776909086,1.706677022007811e-31,2.9452958107001046e-32,3.726284127922143e-33,4.56220657514486e-32,8.566078209530608e-32,4.690852098608838e-32,1.5770470594885105e-32,2.2484101880808756e-33,8.752757022984243e-32,1.1240106369430902e-31,7.841482450539356e-33,4.1995440885917066e-32,4.5508315945480656e-32,3.4411614089363197e-32,0.033221316776908975,0.03451008523633097,0.11311353747970822
0.5335570469798658,3.5446001626460166,3.3371079330163043,2.5901009695336974,2.132466165798066,1.2029099457795318,0.8130344911901224,0.24701603446670434,0.08940283424200784,0.03224893036568423,0.02594349843306746,-0.025943498433067258,-0.032248930365683916,-0.08940283424200789,-0.2470160344667042,-0.813034491190121,-1.2029099457795314,-2.132466165798061,-2.5901009695337005,-3.337107933016304,-3.5446001626459966,0.10799627909535718,0.03306133062157334,0.03130093632780336,1.5004873996056372e-31,3.784161506267134e-32,1.8269763389753167e-32,3.220714499963807e-32,6.09167731835359e-32,1.6470924663299778e-32,6.021217494404643e-33,5.004558079003244e-33,2.3338007423024152e-32,3.504580167031749e-32,1.5312998222068115e-32,3.1673919873450887e-32,1.3251310193455143e-32,6.65414008718187e-32,0.03130093632780337,0.03306133062157329,0.10799627909535711
0.5436241610738255,3.4946475519141984,3.4139190327515068,2.4533513179433055,2.2753818154673,1.0769170786413158,0.9254868827393793,0.19073450178204787,0.1297455379694465,0.03345507566430458,0.03075690994404738,-0.030756909944047714,-0.03345507566430482,-0.12974553796944657,-0.19073450178204746,-0.9254868827393817,-1.076917078641316,-2.2753818154672993,-2.4533513179433033,-3.413919032751515,-3.4946475519141984,0.10312841117922072,0.0316281219043932,0.02943845708615643,1.5264919785593736e-31,4.325777268818957e-32,2.0145945418733748e-32,4.504832738171101e-32,3.5098841202931817e-32,1.738734453006957e-32,1.420095101758377e-32,2.2249626671959666e-33,1.474340970552253e-32,3.1669884862505923e-32,5.007961103937471e-32,1.690883422404229e-32,2.9100924002958546e-32,3.015717486280678e-32,0.02943845708615643,0.03162812190439318,0.10312841117922072
0.5536912751677853,3.479244161136865,3.4324880178497623,2.416264268183337,2.31319387426067,1.0442467230619996,0.9565592995860023,0.17695122516366857,0.14165045921901007,0.03324989164542034,0.03167054066566941,-0.03167054066566904,-0.03324989164542004,-0.1416504592190098,-0.1769512251636679,-0.9565592995860069,-1.0442467230620027,-2.313193874260667,-2.416264268183338,-3.432488017849752,-3.479244161136866,0.030215039628108897,0.09849995568702787,1.8268362414893522e-31,0.027634717233998306,1.6171265376283449e-32,8.432796836162993e-33,9.122757710169597e-32,1.217071990675254e-31,1.7159115910056094e-32,3.437489026814588e-32,2.774375338716541e-32,1.798381109810208e-33,1.2243159437563211e-31,9.515335710948022e-32,6.400830782028691e-33,5.998083647255849e-32,0.027634717233998275,5.942621846629238e-30,0.09849995568702782,0.03021503962810901
0.5637583892617449,3.5325003619518345,3.358677182319152,2.5540290707057363,2.170714996345472,1.1687948624551778,0.842379158448375,0.2312916652344643,0.09950728944809253,0.03289263649022436,0.02742388015426773,-0.0274238801542677,-0.03289263649022412,-0.09950728944809269,-0.2312916652344637,-0.8423791584483764,-1.1687948624551745,-2.170714996345479,-2.55402907070574,-3.358677182319154,-3.532500361951828,0.02882604293517008,0.09410154011128173,2.78794383062876e-31,0.025890243900703373,2.0790589676411433e-32,4.5075882484568703e-32,4.410790360455915e-33,7.444456128733286e-32,1.63338951628829e-32,2.269261827981165e-33,7.815681018798807e-33,5.520972323353473e-33,6.282083139624904e-32,2.1783017507514014e-32,3.5610146746083505e-32,2.917159031946324e-32,0.025890243900703387,3.3035023550346744e-32,0.09410154011128173,0.028826042935170028
0.5738255033557047,3.5732096662634523,3.273870421510609,2.6875891340018216,2.0269894675211875,1.2985254114719307,0.7348307235128495,0.29297937819527203,0.06399402804971212,0.029160913125754785,0.021247609897150133,-0.021247609897150313,-0.029160913125754764,-0.06399402804971233,-0.29297937819527337,-0.7348307235128495,-1.298525411471927,-2.0269894675211906,-2.6875891340018163,-3.27387042151061,-3.5732096662634483,0.027464520463337447,0.08992435172713881,7.013457242978135e-32,0.024205280014409906,1.2725645733803406e-31,3.6412379588963253e-32,1.3107546010532335e-32,7.169973749834252e-32,4.3416730416997025e-32,2.0572909095124135e-32,1.293110922098544e-32,3.1921778719527725e-32,8.133925715089929e-32,1.7518465749204744e-32,1.4923137490063301e-32,5.154420575483472e-32,0.024205280014409906,1.3003960540540287e-31,0.08992435172713872,0.027464520463337444
0.5838926174496645,3.6010051005888997,3.1788146865088023,2.8158671572481073,1.8830686784898507,1.4327492596014635,0.6342783440153438,0.36216119989292034,0.034752159092468315,0.021538881404179342,0.013676564329013687,-0.013676564329013437,-0.021538881404179155,-0.03475215909246845,-0.36216119989292067,-0.6342783440153438,-1.4327492596014633,-1.883068678489855,-2.8158671572481015,-3.1788146865088014,-3.601005100588908,0.026133338695151272,0.08596010305790729,2.723069841217477e-31,0.02257981006013252,3.907789067211817e-32,3.1498787758218575e-32,2.9964943149484087e-32,2.2180771880286304e-31,9.782585146911496e-32,1.7376963422807585e-32,3.191153795257839e-32,1.10815173494239e-31,2.1509151613153884e-31,2.8051805444567964e-32,2.2993700510902605e-32,5.186458528494388e-32,0.022579810060132485,2.920822244380713e-30,0.08596010305790724,0.026133338695151293
0.5939597315436241,3.6156353132221906,3.0743392319148466,2.937808160516309,1.7399693874854696,1.5706988993052151,0.5409966978284114,0.43891229453765707,0.011382379249566517,0.009522646549237608,0.005246808029724493,-0.005246808029724378,-0.009522646549237661,-0.011382379249566773,-0.43891229453765634,-0.5409966978284096,-1.5706988993052111,-1.739969387485473,-2.9378081605163233,-3.0743392319148666,-3.61563531322218,0.024834887751647394,0.08220100745463645,2.7981434554217644e-29,0.02101358458865251,7.691637871088606e-31,1.6599829251671852e-32,1.345203576752231e-32,7.55907926862948e-32,1.2208278702420402e-31,4.975028342571323e-32,6.768633111574298e-32,1.3805365638286302e-31,6.117691924684532e-32,2.9224804423182053e-32,2.671623935622966e-32,1.4830184851720445e-32,0.02101358458865252,5.314708675668611e-29,0.08220100745463635,0.02483488775164737
0.6040268456375839,3.6169677494899677,3.052391945176756,2.9613453904224025,1.7115345176669774,1.598663212988492,0.5232307817728626,0.45517207147664146,0.00737545475256745,0.006548841700219005,0.0035050301333446744,-0.003505030133344214,-0.006548841700218434,-0.007375454752566745,-0.4551720714766417,-0.5232307817728636,-1.598663212988494,-1.7115345176669756,-2.9613453904224074,-3.052391945176754,-3.6169677494899704,0.023571124637462807,3.935161758424014e-29,0.07863976404695529,4.027036995083181e-30,0.019506143317686617,3.6415566239803156e-32,2.2281794896038342e-32,3.643823460493849e-31,4.522608113816866e-31,1.4062223364600526e-31,1.5788023967586558e-31,4.3837197106335965e-31,4.503813318509794e-31,1.9945014344984519e-32,7.062378392831762e-32,0.01950614331768663,3.0833338696238473e-30,0.07863976404695533,3.9428882554531e-28,0.023571124637462824
0.6140939597315436,3.6049903283805516,3.1586453007222675,2.8407955450431475,1.8543512948403909,1.4600669998049947,0.6150331342447651,0.37690479607529637,0.029621856607803577,0.01950303917738635,0.012042142822893127,-0.012042142822893263,-0.019503039177386494,-0.029621856607803962,-0.3769047960752955,-0.6150331342447636,-1.4600669998049967,-1.8543512948403948,-2.8407955450431523,-3.1586453007222692,-3.604990328380553,0.02234361395942904,4.469649906732259e-31,0.07526955168344679,9.634296956507719e-32,0.018056836657890506,2.07010263623655e-32,3.564682459362178e-32,2.075764652936276e-31,4.8452443102702294e-32,2.694850329226723e-32,2.863208662522657e-32,3.7761029332723544e-32,1.640454028116387e-31,2.9681389277895175e-32,7.632552579712248e-33,0.018056836657890547,1.7766098821646314e-31,0.07526955168344684,3.400060286745655e-31,0.022343613959429045
0.6241610738255033,3.5798115954230587,3.255653779304854,2.7137014620422217,1.9981878266205184,1.3250341834091666,0.7141504867736171,0.30621274043039376,0.05765617563553037,0.0279640531349429,0.019827841188632574,-0.019827841188632258,-0.027964053134942657,-0.05765617563553023,-0.30621274043039354,-0.7141504867736168,-1.325034183409168,-1.9981878266205115,-2.713701462042215,-3.255653779304855,-3.5798115954230494,0.02115356615431333,6.861197737977119e-31,0.07208403186035521,2.111798444123221e-31,0.01666484547900449,4.0880527200425814e-32,5.613006775808851e-32,7.12527334584182e-33,1.1085130583534699e-32,5.568127261092933e-33,1.0442429640491443e-32,1.2167862569968365e-32,4.929800167851271e-33,4.2945569150942635e-32,1.5658897237862412e-32,0.01666484547900451,8.012838774097015e-32,0.07208403186035514,4.984770540983808e-31,0.02115356615431335
0.6342281879194631,3.5416593495257462,3.342572864731926,2.581112156408753,2.1420355681553085,1.1943472593829352,0.820325980393364,0.24303574190519153,0.09188507544975683,0.032432897305373534,0.026325905191388995,-0.026325905191388888,-0.03243289730537323,-0.09188507544975692,-0.24303574190519062,-0.8203259803933669,-1.1943472593829363,-2.142035568155307,-2.5811121564087562,-3.3425728647319244,-3.54165934952575,0.020001873273463148,4.4302819391229e-31,0.06907736106255766,1.4289937214168275e-32,0.015329198903233065,1.8962818658863365e-32,8.970658958254998e-33,2.8465003112405195e-32,1.6430694105282477e-33,2.2461943152995232e-32,1.256944206139695e-32,1.2013360864594147e-32,2.0776830266790853e-32,1.0339580684796301e-32,9.052323651749371e-33,0.015329198903233105,2.9671966685405397e-32,0.06907736106255766,6.22873227049767e-31,0.020001873273463137
0.6442953020134228,3.490877764350428,3.4186383708956685,2.444101467705722,2.2848491773465955,1.068711444821913,0.9332132443031995,0.18724083729950464,0.13267576657681943,0.03342333094483967,0.03100118291537449,-0.03100118291537402,-0.033423330944839146,-0.13267576657681965,-0.18724083729950433,-0.9332132443031987,-1.0687114448219137,-2.2848491773465853,-2.4441014677057233,-3.4186383708956747,-3.490877764350429,0.018889142382706735,9.668992183353046e-29,0.06624421344301572,2.7617849498378156e-30,0.014048789870126957,4.447884105610604e-32,1.7567424836774493e-32,2.687503659662149e-33,1.0912575835623283e-32,2.6125157526706e-32,3.389204310312961e-33,6.164543455437238e-33,4.355148842134823e-33,1.756971904721567e-32,1.3403957276999844e-31,0.014048789870126957,1.700292190343813e-29,0.06624421344301569,1.4702528671641074e-28,0.018889142382706742
0.6543624161073827,3.4831759154688156,3.427923047340978,2.425557620133643,2.3037555273102766,1.0523760967211913,0.9487495970040543,0.1803492688645921,0.13862814048642202,0.03332058282294271,0.031458155762720735,-0.03145815576272099,-0.0333205828229426,-0.13862814048642197,-0.1803492688645927,-0.9487495970040531,-1.0523760967211908,-2.3037555273102766,-2.4255576201336417,-3.427923047340977,-3.4831759154688124,1.2398720705652044e-28,0.017815726644981714,1.1449723796873601e-29,0.06357981539065762,7.759606597641524e-31,0.012822388154632948,1.477985143719953e-32,3.242182718391179e-32,2.7931620065882664e-32,2.92546053582594e-32,2.434894859049002e-32,1.5419108135542797e-32,2.3992449973946664e-32,2.980688345873562e-32,0.012822388154632942,9.722204394832711e-32,0.0635798153906576,1.1953035598441709e-31,0.017815726644981728,3.680571797518188e-29
0.6644295302013423,3.5356093280164917,3.3533577013829423,2.5630758858401363,2.161160298312335,1.1772895222757014,0.8349984317584302,0.2351736083736461,0.09693720150722498,0.03275459638349647,0.027066254361178363,-0.02706625436117809,-0.03275459638349624,-0.09693720150722475,-0.23517360837364615,-0.8349984317584318,-1.1772895222757016,-2.1611602983123377,-2.56307588584014,-3.3533577013829343,-3.535609328016484,1.4936811256943182e-31,0.01678175416084834,1.8221920794885072e-30,0.061079994344518614,2.791164293043727e-32,0.01164865043013128,1.159892701211414e-32,2.5294706217512483e-32,1.3286742932754116e-32,1.0556115714477474e-32,9.488643338856158e-34,5.730764788814114e-33,3.430943116188384e-32,4.4651230365304235e-33,0.011648650430131276,3.7766679427922523e-32,0.06107999434451857,1.8320832268501843e-32,0.01678175416084833,1.577939309715297e-29
0.6744966442953021,3.575467867231221,3.2678434748970195,2.6963171492934874,2.017389366667014,1.3073419594118738,0.7279060601762051,0.29735712233919587,0.0618536738473574,0.028779456002928198,0.02078034145385067,-0.02078034145385061,-0.02877945600292853,-0.06185367384735763,-0.2973571223391959,-0.7279060601762051,-1.3073419594118798,-2.0173893666670195,-2.696317149293492,-3.267843474897004,-3.575467867231202,4.805050789345193e-31,0.01578715464834112,3.915309663152418e-32,0.05874124529544735,1.9373630162052244e-31,0.010526126840159848,1.2707096861490645e-32,5.713806468310341e-32,2.515096656135439e-32,3.816238512025334e-32,5.421146733758922e-33,3.316224912891718e-32,3.768257864842711e-32,2.1489110224291669e-32,0.010526126840159833,3.823334282784825e-32,0.058741245295447324,2.227679251553974e-31,0.015787154648341153,1.335605732789821e-31
0.6845637583892618,3.602392139546466,3.172133105635542,2.8242052076522466,1.8734921566238016,1.4418389067933968,0.6278308379515335,0.36704204885139396,0.03301611330261541,0.02087999907221081,0.013135361899305652,-0.01313536189930578,-0.020879999072210838,-0.03301611330261536,-0.3670420488513934,-0.6278308379515313,-1.4418389067933977,-1.8734921566238059,-2.8242052076522337,-3.17213310563554,-3.60239213954646,4.4077158700109446e-32,0.01483168404859048,2.9993734651014557e-31,0.05656081991260171,1.040732638399506e-30,0.009453263359505783,2.90678625928271e-32,5.411572955978146e-32,5.5901956803272414e-33,1.725277652610926e-32,9.14742589396272e-33,8.658411734576438e-33,4.963375598408594e-32,1.027480958401322e-32,0.009453263359505786,4.7471699178915285e-31,0.05656081991260172,8.362118501632991e-31,0.01483168404859049,1.191971357285384e-30
0.6946308724832215,3.6161386306448007,3.0670609812443597,2.945687013922661,1.7304827350523222,1.5800078332809808,0.5350414971317866,0.44429857525538713,0.010022733967473139,0.008553271764654436,0.004667434838839254,-0.0046674348388392115,-0.008553271764654235,-0.010022733967472795,-0.44429857525538724,-0.535041497131785,-1.5800078332809815,-1.7304827350523286,-2.9456870139226656,-3.0670609812443534,-3.6161386306447985,5.308425088637833e-32,0.013914947147365919,5.421473270038521e-30,0.05453684534946171,1.5075323066153046e-31,0.00842839896184152,1.002174226397057e-31,1.3960779251024638e-31,8.613017613645373e-32,4.1919218867814455e-32,5.540291535323557e-32,6.438997431272012e-32,9.344910035646228e-32,3.9079000997337687e-31,0.008428398961841516,4.063798821975255e-30,0.0545368453494617,4.6859204844501505e-30,0.013914947147365901,5.152790256763636e-32
0.7046979865771812,3.6165827820397167,3.059745126084084,2.9535328554903395,1.7210043521767961,1.58932935816428,0.5291195118821613,0.449718505826403,0.008687137084890828,0.007562050512452701,0.00408678918624657,-0.004086789186246272,-0.007562050512452339,-0.008687137084890413,-0.44971850582640305,-0.5291195118821612,-1.5893293581642787,-1.7210043521767995,-2.9535328554903346,-3.0597451260840773,-3.616582782039721,2.532228247742948e-32,8.497698872009462e-31,0.013036418305221361,3.52613603368591e-30,0.05266848284973556,8.468113263527507e-32,0.007449756226919802,5.550685111264355e-32,2.773625942862228e-31,7.731822807625043e-32,5.783599947897631e-32,2.9710745591702606e-31,5.62473395611292e-32,0.0074497562269198,2.5642477000263873e-31,0.052668482849735576,6.415868997268575e-30,0.01303641830522137,3.5449227779476104e-31,7.270704277959733e-32
0.714765100671141,3.603720566651712,3.165409890608304,2.832514772683386,1.8639195974192446,1.450944900446558,0.6214157461845671,0.37195657793417103,0.03130605409422685,0.02020143391533829,0.012590501741000631,-0.012590501741000548,-0.020201433915338237,-0.031306054094226765,-0.37195657793417103,-0.6214157461845647,-1.4509449004465538,-1.8639195974192482,-2.832514772683383,-3.165409890608293,-3.6037205666517025,3.0403711594437936e-32,6.361431769071022e-32,0.012195460390321669,2.8688571457651744e-32,0.05095614080803071,3.916516752784036e-32,0.00651542345110008,7.119733347597782e-32,1.2218980310230618e-31,5.075983329008557e-32,3.2003860386313257e-32,1.4586231941262409e-31,5.654257111589256e-32,0.006515423451100093,3.64549099831715e-32,0.05095614080803066,9.125359312605014e-32,0.012195460390321657,8.202677606528145e-31,2.2312743656746683e-32
0.7248322147651006,3.577668539769177,3.2617711819405226,2.705021364020255,2.007788717649216,1.316178289564447,0.7210126172769393,0.3017682326920992,0.05974109436345809,0.028380553007984404,0.02030703230196904,-0.02030703230196887,-0.028380553007984203,-0.05974109436345791,-0.3017682326920982,-0.721012617276939,-1.3161782895644487,-2.0077887176492166,-2.7050213640202414,-3.261771181940522,-3.577668539769177,8.908536687139046e-32,1.3198002151666883e-31,0.011391342008352425,6.850942068685973e-32,0.04940176379245554,2.342379335237182e-32,0.005623325465100401,6.141818108018388e-32,2.5648986948346138e-33,1.1121794698558812e-32,1.345799757745308e-32,8.693271012123389e-33,4.534901355134074e-32,0.005623325465100392,1.060389048764281e-31,0.049401763792455596,2.652975796940837e-32,0.011391342008352446,2.056186136010009e-31,4.439035866777875e-32
0.7348993288590604,3.5386623646303352,3.347989525152209,2.5721036881637,2.151600383872115,1.1858070527938207,0.8276473328651527,0.23908828334980314,0.09439649720277443,0.03260140134523066,0.026700209943917284,-0.026700209943917325,-0.032601401345230846,-0.09439649720277475,-0.2390882833498035,-0.8276473328651541,-1.1858070527938196,-2.1516003838721103,-2.5721036881637,-3.347989525152211,-3.538662364630324,3.3055478783161337e-32,7.128593160555338e-32,0.010623253123212252,2.0991009357106484e-31,0.04800922962391686,4.34650975490821e-31,0.004771179035317386,2.7329845783604816e-32,1.8209925761625335e-32,1.1317045337589735e-32,8.435827618086505e-33,5.268849780501399e-33,3.0686739953110736e-32,0.004771179035317388,1.596580353403302e-31,0.04800922962391694,5.038903415510443e-32,0.010623253123212245,5.521546744425042e-33,2.4102448967885318e-32
0.7449664429530201,3.4870538347202236,3.4233064373832534,2.434836794201729,2.294307188106302,1.0605310604598606,0.9409675301911292,0.18377911608700104,0.13563660500140107,0.03337844797929724,0.031234984028958204,-0.031234984028958065,-0.03337844797929701,-0.1356366050014012,-0.18377911608700143,-0.9409675301911317,-1.060531060459861,-2.2943071881062953,-2.43483679420173,-3.423306437383248,-3.4870538347202213,4.8555015893656617e-32,3.637655762301643e-32,0.009890319160488365,7.3344226886042895e-31,0.04678490335902353,2.1482937684642693e-31,0.003956426625368196,1.4079756058879668e-31,1.1318192312939438e-31,3.93072542537756e-32,6.030897214535676e-32,3.6648365078325504e-32,1.8474520819734045e-31,0.003956426625368201,2.0678888558995628e-31,0.04678490335902353,1.0737266494974758e-30,0.009890319160488385,7.100612616808728e-32,3.9841777993533586e-32
0.7550335570469799,3.487053834720221,3.42330643738325,2.4348367942017255,2.294307188106303,1.060531060459862,0.9409675301911326,0.18377911608700087,0.1356366050014009,0.03337844797929718,0.031234984028958173,-0.03123498402895804,-0.03337844797929703,-0.13563660500140046,-0.18377911608700018,-0.9409675301911322,-1.0605310604598608,-2.294307188106302,-2.4348367942017286,-3.423306437383251,-3.487053834720219,2.2235450308720866e-32,7.594571340819871e-33,5.631542485048671e-31,0.009191613683049384,2.2526779683615563e-30,0.045738424224315906,1.4804698102584048e-31,0.003176138884289554,2.0980178158005242e-32,1.604021020666532e-32,9.382022938162006e-33,1.1406717475409586e-32,0.0031761388842895524,4.975278162520987e-31,0.045738424224315975,1.074713533571753e-30,0.00919161368304938,2.2038942523567055e-31,2.4135142117867936e-33,4.2226883111799615e-33
0.7651006711409396,3.5386623646303326,3.3479895251522036,2.5721036881636916,2.1516003838721147,1.1858070527938227,0.827647332865152,0.2390882833498032,0.09439649720277413,0.03260140134523037,0.026700209943917343,-0.026700209943917304,-0.03260140134523039,-0.09439649720277449,-0.23908828334980275,-0.8276473328651562,-1.1858070527938205,-2.15160038387211,-2.572103688163695,-3.3479895251522094,-3.538662364630334,1.5772510901108216e-32,1.909075518053926e-32,7.077203116572641e-32,0.008526169724446607,3.317817692167346e-32,0.04488384699919584,9.096993466971902e-32,0.002426870525035241,8.987655394848543e-32,1.919221759757109e-32,3.1445234344826746e-32,5.590863998780051e-32,0.002426870525035245,9.851623763548598e-33,0.044883846999195856,2.2721505248169945e-31,0.0085261697244466,1.7305055234319204e-32,8.194427441486132e-33,2.90445720654797e-32
0.7751677852348994,3.5776685397691685,3.2617711819405066,2.7050213640202543,2.0077887176492166,1.3161782895644458,0.7210126172769392,0.30176823269209774,0.05974109436345813,0.028380553007984647,0.02030703230196938,-0.020307032301968914,-0.02838055300798446,-0.05974109436345821,-0.30176823269209807,-0.7210126172769393,-1.316178289564447,-2.0077887176492104,-2.7050213640202436,-3.2617711819405106,-3.5776685397691743,7.516842607758132e-33,1.4939122036429616e-32,1.0716488536198146e-32,0.00789298986117791,1.467081839347189e-32,0.04424133776228789,1.9372739941147856e-32,0.0017044444063575106,5.122320762898267e-32,1.8667081594914382e-32,3.795433317640305e-32,6.513651294932848e-32,0.0017044444063575035,4.405217946671231e-32,0.04424133776228796,3.108865276516833e-32,0.00789298986117791,1.3039060978609504e-32,7.498705079966104e-33,5.704795066210878e-34
0.785234899328859,3.603720566651715,3.1654098906083052,2.8325147726833895,1.8639195974192482,1.450944900446555,0.6214157461845667,0.37195657793417,0.031306054094226925,0.02020143391533869,0.012590501741000938,-0.01259050174100051,-0.020201433915338296,-0.03130605409422659,-0.3719565779341693,-0.6214157461845673,-1.450944900446552,-1.863919597419252,-2.832514772683384,-3.1654098906082977,-3.603720566651719,1.414863448738031e-32,2.820172134620122e-32,2.7702685564061165e-32,0.007291055099174379,2.843964223502625e-32,0.043839764221364715,3.1290024925180194e-32,0.0010036209858378174,1.0351039287445861e-29,2.383941048663225e-31,2.0118508669468956e-31,3.803335433414381e-30,0.0010036209858378163,1.8873209439719408e-32,0.043839764221364715,7.486032704523856e-32,0.007291055099174366,5.329661308467989e-33,1.807673607798755e-32,6.302350754626968e-33
0.7953020134228188,3.6165827820397176,3.0597451260840822,2.9535328554903417,1.721004352176795,1.589329358164281,0.5291195118821624,0.4497185058264039,0.0086871370848926,0.007562050512452973,0.004086789186245941,-0.0040867891862455576,-0.007562050512452696,-0.008687137084892186,-0.4497185058264039,-0.5291195118821602,-1.5893293581642793,-1.7210043521767955,-2.9535328554903306,-3.059745126084076,-3.6165827820397163,7.91655807243413e-33,1.9294449369328715e-32,7.32110119142262e-33,0.00671933264301467,1.8635467940872889e-31,0.043720782548407715,9.302422222067577e-31,0.00031757737687010287,4.390452966627602e-28,3.282154061151802e-29,2.710688165316656e-29,3.2932343201353748e-28,0.00031757737687009507,9.019733869878985e-31,0.043720782548407666,2.55333008194106e-32,0.006719332643014674,4.484860489977935e-33,1.0096424184302994e-32,1.6091604800127635e-32
0.8053691275167785,3.6161386306447967,3.067060981244358,2.9456870139226625,1.730482735052326,1.5800078332809813,0.535041497131786,0.44429857525538724,0.010022733967472193,0.008553271764652894,0.004667434838839578,-0.0046674348388397536,-0.008553271764652991,-0.010022733967472343,-0.4442985752553873,-0.5350414971317845,-1.5800078332809822,-1.730482735052332,-2.945687013922666,-3.067060981244356,-3.6161386306448096,6.855919643291392e-33,1.7942192548158505e-32,2.7963734647751057e-33,1.1512081387366594e-32,0.006176782608196433,5.008067544822953e-31,0.04394553488240686,1.712119335684621e-27,0.0003629445206426089,1.3196722221213706e-29,1.2587310201695484e-29,0.0003629445206426094,1.4612328393119337e-27,0.04394553488240687,1.0363968865011605e-31,0.006176782608196437,2.2414562776192868e-30,1.6108039842019113e-32,2.13494343122498e-33,3.0729151948709466e-33
0.8154362416107382,3.6023921395464606,3.1721331056355333,2.8242052076522386,1.873492156623804,1.441838906793396,0.6278308379515319,0.36704204885139496,0.03301611330261449,0.020879999072210557,0.013135361899305798,-0.013135361899305717,-0.020879999072210696,-0.033016113302614926,-0.3670420488513945,-0.6278308379515302,-1.441838906793395,-1.8734921566238034,-2.8242052076522306,-3.172133105635532,-3.602392139546473,2.723141304929066e-32,2.1691855074771654e-32,1.5814149663397357e-32,1.0419789047069265e-32,0.005662363727043244,6.45607084817482e-32,0.04460613270112503,8.946741244256788e-30,0.0010510940559212269,6.419049460829578e-31,1.5644082106624832e-31,0.0010510940559212319,6.378847790780723e-30,0.044606132701125026,3.183046059011896e-32,0.005662363727043244,1.4801040550611196e-32,5.4724132863405705e-33,1.3500687916195268e-32,2.1157242765105456e-32
0.8255033557046979,3.5754678672312075,3.2678434748970147,2.6963171492934843,2.017389366667017,1.3073419594118787,0.7279060601762045,0.29735712233919487,0.06185367384735791,0.028779456002928704,0.020780341453850635,-0.020780341453850878,-0.028779456002928763,-0.06185367384735799,-0.29735712233919553,-0.7279060601762052,-1.307341959411875,-2.017389366667022,-2.6963171492934914,-3.267843474897006,-3.5754678672312137,7.470870856173846e-33,1.6555391536474952e-33,1.987250281785845e-32,2.0576457942998797e-33,0.0051750380871436515,5.910038012746008e-33,0.045846452710666036,8.137927694764624e-31,0.0017665445402854844,8.653374756214102e-31,1.580848657837722e-30,0.0017665445402854853,1.1626671397481301e-30,0.04584645271066597,3.102769956691654e-32,0.005175038087143643,4.946061808170947e-33,3.1407549275093224e-32,5.059957814764745e-33,3.498669652537776e-33
0.8355704697986577,3.5356093280164953,3.353357701382949,2.5630758858401363,2.1611602983123275,1.1772895222757,0.8349984317584321,0.23517360837364604,0.0969372015072251,0.03275459638349621,0.027066254361178238,-0.027066254361178054,-0.032754596383496176,-0.09693720150722551,-0.23517360837364554,-0.834998431758433,-1.177289522275702,-2.161160298312337,-2.563075885840134,-3.353357701382936,-3.5356093280164895,1.0522302151485833e-32,5.023987085357504e-33,1.7558576809241674e-32,2.207703434356814e-32,0.004713774927065119,1.1477048830509788e-32,0.04790243000942099,1.1516614986112363e-30,0.0025405846744925163,1.966036587222204e-30,2.555894285603236e-30,0.0025405846744925237,1.5928957262240158e-31,0.04790243000942114,9.306108753166763e-33,0.004713774927065131,7.720051193000288e-33,3.576614571640422e-32,3.147511827345229e-33,6.75492625195057e-33
0.8456375838926173,3.4831759154688173,3.42792304734098,2.42555762013364,2.3037555273102703,1.0523760967211937,0.948749597004053,0.18034926886459232,0.13862814048642125,0.0333205828229426,0.03145815576272078,-0.03145815576272079,-0.03332058282294267,-0.13862814048642136,-0.1803492688645923,-0.9487495970040513,-1.0523760967211904,-2.3037555273102766,-2.4255576201336466,-3.4279230473409776,-3.4831759154688164,2.68175886492992e-33,6.033030074246622e-33,3.217228381457294e-34,3.413655764017911e-33,0.004277553496688069,2.4586281860339603e-31,0.051187121472011606,8.244937497399395e-31,0.0034268582463355315,1.1436100684530678e-28,3.9636785018557334e-29,0.003426858246335523,9.052953829505475e-32,0.05118712147201166,1.535787930326946e-31,0.004277553496688072,2.709655212612703e-33,4.88168539575938e-33,1.3312848934775664e-32,3.7408676409260204e-33
0.8557046979865772,3.4908777643504263,3.4186383708956685,2.4441014677057247,2.284849177346597,1.0687114448219128,0.9332132443032009,0.1872408372995049,0.13267576657681973,0.033423330944839166,0.031001182915373997,-0.031001182915373904,-0.03342333094483909,-0.1326757665768194,-0.18724083729950505,-0.9332132443031995,-1.0687114448219157,-2.2848491773465964,-2.44410146770572,-3.4186383708956813,-3.490877764350424,2.754515145373149e-32,1.0726066745300957e-32,5.972346921110107e-33,3.0250965703299357e-33,2.5165802436971118e-31,0.003865364967711392,3.7594737371660205e-30,0.05649176252880338,7.261406795424614e-29,0.004526735893966196,0.004526735893966181,1.646066670506459e-29,0.05649176252880348,1.6826144457978834e-30,0.003865364967711396,1.7981386116784258e-31,8.43033190167655e-33,2.540720093131408e-33,1.463067046820716e-32,1.2905173285360772e-32
0.8657718120805369,3.5416593495257462,3.3425728647319297,2.5811121564087616,2.142035568155312,1.1943472593829316,0.820325980393366,0.24303574190519037,0.09188507544975784,0.03243289730537315,0.026325905191389085,-0.026325905191388978,-0.03243289730537336,-0.09188507544975777,-0.2430357419051904,-0.8203259803933671,-1.1943472593829334,-2.142035568155317,-2.5811121564087616,-3.3425728647319257,-3.541659349525747,9.140504161807161e-33,4.952031680250232e-33,6.0207061386637405e-33,2.0088259980394584e-32,2.631930839341273e-32,0.003476213351987527,4.76478299610951e-31,0.06554162341111922,8.947556414781978e-30,0.006059445209186978,0.006059445209186945,7.490899765838891e-30,0.06554162341111955,8.673717468404022e-32,0.003476213351987531,2.95950786937272e-33,2.503954264123467e-32,1.0455115867689068e-32,2.1602512867912846e-32,1.1790446714964119e-33
0.8758389261744967,3.579811595423057,3.255653779304862,2.7137014620422257,1.9981878266205206,1.3250341834091657,0.71415048677362,0.3062127404303918,0.057656175635530105,0.027964053134942084,0.019827841188632185,-0.01982784118863258,-0.027964053134942372,-0.05765617563553026,-0.30621274043039226,-0.7141504867736189,-1.325034183409168,-1.9981878266205193,-2.713701462042216,-3.255653779304862,-3.5798115954230543,8.182518274783041e-33,5.981797206911574e-33,2.867857128957338e-33,1.8162030620868213e-32,1.1604640844487711e-32,0.0031091153487741072,8.773930775643104e-33,0.08294148907047558,2.3636476766491298e-29,0.0086075074575118,0.008607507457511779,2.434699416018025e-29,0.08294148907047556,2.6266540746568585e-32,0.0031091153487741072,1.0331745967392817e-33,1.7225850283570336e-32,2.2519177851588047e-33,3.0064608938452853e-32,6.297775354301156e-33
0.8859060402684563,3.604990328380548,3.1586453007222666,2.84079554504315,1.8543512948403966,1.4600669998049904,0.6150331342447652,0.3769047960752951,0.02962185660780505,0.019503039177387202,0.012042142822893358,-0.012042142822893393,-0.019503039177387146,-0.02962185660780497,-0.37690479607529415,-0.6150331342447678,-1.460066999804991,-1.854351294840398,-2.8407955450431466,-3.158645300722283,-3.6049903283805502,5.5290806045467434e-33,1.3822315078559718e-32,4.8959490933299845e-33,5.987544486936613e-33,2.707139573100925e-32,0.0027630989927977215,1.6273535660804682e-32,0.12645886282441327,4.0125826810740874e-28,0.014414022443456125,0.014414022443455939,8.477469613407001e-28,0.12645886282441354,5.557006171354654e-32,0.002763098992797723,1.5027289857780968e-32,6.797043931331673e-33,2.2966474593893073e-33,5.036123729791635e-32,1.7523723078461212e-32
0.8959731543624161,3.616967749489975,3.052391945176758,2.9613453904223963,1.711534517666979,1.5986632129884906,0.5232307817728626,0.45517207147664035,0.007375454752568317,0.006548841700219861,0.0035050301333456966,-0.0035050301333455305,-0.006548841700219564,-0.007375454752568226,-0.455172071476641,-0.5232307817728639,-1.5986632129884943,-1.7115345176669796,-2.9613453904224016,-3.0523919451767583,-3.6169677494899664,2.555195802810405e-33,3.1531341843805514e-33,1.2393408375626036e-33,6.78892932166376e-33,4.0232835079233686e-33,0.0024372009070717042,1.1110131408808293e-32,0.3915549207578131,2.6764283232632086e-24,0.048139176621465336,0.048139176621463,2.084244793063304e-24,0.39155492075780346,2.2930589799176481e-32,0.0024372009070717008,4.6689528198075326e-33,1.522889005478468e-33,1.1620311943721721e-33,7.861428861901457e-33,3.0458119107653972e-33
0.9060402684563758,3.615635313222188,3.0743392319148573,2.9378081605163135,1.7399693874854736,1.5706988993052171,0.5409966978284081,0.438912294537657,0.011382379249566078,0.00952264654923942,0.00524680802972415,-0.005246808029724215,-0.009522646549239417,-0.011382379249566121,-0.4389122945376565,-0.5409966978284083,-1.5706988993052193,-1.7399693874854743,-2.937808160516324,-3.074339231914857,-3.6156353132221914,7.198305746980672e-33,2.533528762795926e-33,2.607924962450905e-33,3.420601994318386e-33,1.7687270591998834e-32,1.5203995510982066e-31,0.0021304618679607477,9.201409539832593e-26,0.2293940434473172,0.02994835914388296,0.029948359143883226,0.22939404344731087,7.499833736395029e-26,0.002130461867960739,1.9090876426372975e-32,1.4728824341875214e-32,5.5244631147092174e-33,8.016528677367887e-34,4.812554889863046e-33,7.134460281094945e-33
0.9161073825503355,3.6010051005889054,3.1788146865087987,2.8158671572481087,1.8830686784898556,1.4327492596014644,0.6342783440153442,0.36216119989292,0.03475215909246897,0.021538881404179255,0.013676564329013681,-0.013676564329013584,-0.02153888140417904,-0.034752159092468815,-0.3621611998929196,-0.6342783440153431,-1.4327492596014633,-1.883068678489858,-2.815867157248108,-3.178814686508806,-3.601005100588913,3.865136305834334e-33,2.293140900165794e-33,7.945638044557337e-33,3.0042997867054534e-33,6.992075510032666e-33,3.3511069959158075e-33,0.0018419202493253854,4.1086661193902605e-28,0.07495525900392716,0.010247761512187047,0.010247761512186893,0.07495525900392735,1.0542614920287326e-28,0.001841920249325385,8.769677898721314e-33,4.012358522798733e-33,3.977085874852776e-33,4.179366293180847e-33,1.093224520854057e-32,4.726850887911915e-33
0.9261744966442952,3.573209666263453,3.2738704215106114,2.687589134001824,2.026989467521183,1.2985254114719285,0.7348307235128487,0.2929793781952717,0.06399402804971133,0.029160913125754702,0.021247609897149928,-0.021247609897149952,-0.029160913125754712,-0.06399402804971138,-0.29297937819527303,-0.7348307235128507,-1.298525411471931,-2.026989467521194,-2.6875891340018185,-3.273870421510605,-3.573209666263446,9.703354207194306e-33,2.0680082863431446e-33,1.2184680732585017e-32,5.987209919917624e-33,1.424483597238626e-32,1.3967086115746296e-32,0.0015706027018043715,5.036099229496476e-30,0.03974741966094038,0.005618576558220403,0.005618576558220403,0.03974741966094033,1.6101766767230203e-30,0.0015706027018043713,6.0049235587339484e-33,3.29827954759959e-33,4.670968464939284e-33,6.393442703438661e-33,7.260219295589112e-34,5.724103338032487e-33
0.9362416107382551,3.532500361951837,3.358677182319145,2.5540290707057482,2.170714996345472,1.1687948624551767,0.8423791584483711,0.23129166523446473,0.09950728944809238,0.03289263649022402,0.027423880154267576,-0.027423880154267714,-0.032892636490223906,-0.09950728944809226,-0.23129166523446384,-0.8423791584483713,-1.1687948624551756,-2.1707149963454744,-2.5540290707057403,-3.3586771823191452,-3.532500361951825,2.5508926018512986e-34,1.2445798390190648e-33,1.756577275894534e-33,5.0958323860491846e-33,2.0468873738623558e-33,6.0664172569653364e-33,0.001315511098749252,4.5439179996866647e-32,0.024368535841960106,0.0035190477210840774,0.003519047721084074,0.02436853584196012,7.009200264692772e-32,0.00131551109874925,3.6424629797048666e-33,1.511971589021248e-32,1.6220325731910115e-33,5.009185817982844e-34,1.875932123210315e-34,2.702579214649371e-33
0.9463087248322147,3.479244161136862,3.4324880178497534,2.4162642681833413,2.3131938742606666,1.0442467230620027,0.9565592995860029,0.176951225163669,0.14165045921900918,0.03324989164541973,0.03167054066566884,-0.03167054066566893,-0.033249891645420034,-0.1416504592190092,-0.17695122516366876,-0.9565592995860012,-1.0442467230620018,-2.3131938742606644,-2.4162642681833355,-3.4324880178497543,-3.479244161136864,1.4745233656308858e-33,1.1446632948217725e-33,3.235148279817018e-33,4.325460507632518e-33,1.1885040892678908e-32,1.403666440054119e-32,0.0010756042666067785,1.1094484906670365e-31,0.015852520279077114,0.002311858164931703,0.0023118581649317037,0.015852520279077117,3.058083096055337e-32,0.0010756042666067859,1.0228490301691162e-33,9.007828069276894e-33,4.874627390912539e-33,2.272615050592421e-33,1.168052119023477e-33,5.360239005678129e-33
0.9563758389261745,3.494647551914203,3.4139190327515174,2.4533513179433073,2.2753818154672953,1.0769170786413134,0.9254868827393801,0.19073450178204768,0.12974553796944718,0.0334550756643049,0.030756909944047582,-0.03075690994404769,-0.033455075664304924,-0.1297455379694472,-0.19073450178204743,-0.925486882739383,-1.076917078641318,-2.2753818154673016,-2.453351317943298,-3.4139190327515125,-3.494647551914195,9.994911610321462e-33,2.4406268700823343e-33,1.7771629346262625e-33,7.565885771480485e-33,1.060564358558955e-32,1.6352660235749643e-32,2.94181059496717e-32,0.0008497721807429996,0.0015280216560068,0.01049352676546139,0.010493526765461357,0.0015280216560067902,0.0008497721807430054,2.5855342966789104e-32,8.572107448158441e-33,5.768684691982789e-33,4.992661990598187e-33,1.997294899338277e-33,1.1129319888401843e-33,6.016170487201333e-33
0.9664429530201343,3.5446001626460086,3.3371079330163016,2.5901009695336916,2.132466165798067,1.2029099457795298,0.8130344911901229,0.24701603446670356,0.08940283424200854,0.03224893036568462,0.025943498433067858,-0.025943498433067376,-0.032248930365684346,-0.0894028342420084,-0.24701603446670445,-0.8130344911901233,-1.202909945779534,-2.1324661657980646,-2.5901009695337,-3.337107933016298,-3.544600162646014,2.2724304844042334e-33,2.4047616343632264e-33,2.440870574660802e-34,4.700012914230898e-33,2.1003478593870034e-33,1.6117494588236407e-32,1.0661907122713842e-32,0.0006367989024871794,0.0009817949377778881,0.006829723719404991,0.006829723719404974,0.000981794937777901,0.0006367989024871736,3.6275483573233954e-32,5.165923198936292e-33,3.408085498042929e-33,5.257390248694406e-33,3.9659541106057216e-33,3.4714603728509184e-33,1.8411335706657827e-33
0.9765100671140939,3.5818969480372216,3.2494915052566706,2.7223571276937366,1.9885869990185143,1.333909420887461,0.707319758851489,0.31069067529774547,0.05559880291373365,0.027529805621825644,0.019342926881753136,-0.019342926881752587,-0.02752980562182489,-0.055598802913733134,-0.31069067529774436,-0.7073197588514875,-1.3339094208874593,-1.988586999018515,-2.722357127693736,-3.2494915052566613,-3.581896948037228,1.6146348284996752e-33,5.9702237127960805e-33,9.584191593767387e-33,1.0451550538001608e-32,1.1150770329275755e-32,2.947357210119772e-33,3.279997265434909e-33,0.00043530809383024823,0.0005843551325090343,0.004165842364395991,0.00416584236439602,0.0005843551325090365,0.00043530809383024644,1.3970882323235757e-33,2.337129028644153e-32,1.4066121329073174e-32,6.450056992588166e-33,6.047271465608449e-33,9.578037752744058e-33,3.0435402776125297e-33
0.9865771812080537,3.6062013735665666,3.151839596670758,2.8490472181536193,1.8447875419304505,1.4692049626984616,0.608683065917833,0.3818867106712786,0.02796339532592588,0.018784668432995123,0.011490444122877728,-0.011490444122877877,-0.01878466843299532,-0.02796339532592594,-0.3818867106712795,-0.6086830659178301,-1.4692049626984596,-1.844787541930452,-2.8490472181536224,-3.1518395966707566,-3.6062013735665444,6.1817548544692405e-34,5.5057656100382535e-34,1.963399418977739e-33,8.024422245108797e-34,2.3773085880033083e-33,9.223443609886045e-33,1.1148778858553397e-32,0.00024368055218857172,0.00028747943348429603,0.00212599988699785,0.0021259998869978553,0.00028747943348428524,0.0002436805521885685,1.3172369180989432e-32,6.235957474694226e-33,1.804179779752576e-33,6.964505307604069e-34,6.523517968642247e-34,2.0313269424178233e-33,7.012859182490234e-34
0.9966442953020134,3.6172935174654857,3.045001718443016,2.969124324883172,1.7020735092217483,1.6080091355201949,0.517375344803947,0.46065925580537803,0.00608755259734995,0.0055135046789087285,0.002922316750012054,-0.0029223167500116646,-0.00551350467890839,-0.006087552597349765,-0.4606592558053788,-0.5173753448039469,-1.6080091355201978,-1.7020735092217498,-2.9691243248831705,-3.045001718443018,-3.617293517465492,9.52155224065827e-34,8.018641356719378e-33,5.40972399575751e-33,8.739448816375326e-33,1.247769353031242e-32,1.924664520281189e-32,2.1253831820381317e-32,5.9924957969851236e-05,6.243286663723646e-05,0.000485245301251687,0.0004852453012516347,6.243286663719941e-05,5.992495796991068e-05,1.4510223844608673e-32,9.791387541672461e-33,1.8108111767733696e-32,1.4122849171119657e-32,4.482355068916182e-33,1.3314871621551216e-32,1.5373893845293065e-33
1.0067114093959733,3.615072850074694,3.081579600545833,2.929896591013671,1.7494640295708652,1.5614028159262634,0.5469850725813347,0.4335596768260248,0.01276620624263196,0.010470316388833854,0.005824749703288897,-0.005824749703288572,-0.010470316388833854,-0.012766206242631929,-0.4335596768260227,-0.5469850725813333,-1.5614028159262634,-1.74946402957087,-2.929896591013672,-3.0815796005458327,-3.615072850074694,6.627938010704361e-34,8.424807047526031e-34,1.5998448022209226e-33,4.992416388789713e-34,8.424807047526031e-34,1.1143995365006678e-33,5.261729610110707e-33,0.00010918767835102852,0.0001185333475820875,0.0009047578718474091,0.0009047578718474091,0.00011853334758206606,0.00010918767835104917,5.301281440183153e-33,3.2135861933862184e-34,7.21019172536883e-34,1.526085983977713e-33,7.375881824320967e-34,1.0000199198046762e-33,7.744675915537015e-34
1.016778523489933,3.599559505657811,3.1854543753452194,2.8075009294735636,1.8926488681453915,1.4236761982033805,0.6407581970983989,0.3573140205937041,0.036514315656925346,0.022178227991998204,0.014213950071009696,-0.014213950071009581,-0.022178227991998107,-0.03651431565692559,-0.357314020593704,-0.6407581970984005,-1.4236761982033774,-1.892648868145389,-2.8075009294735547,-3.1854543753452242,-3.599559505657808,1.9204518899767297e-33,3.822459073286957e-33,3.5794935533463615e-33,1.7194864565882665e-33,6.498056399309653e-33,1.0626795897044442e-33,5.188256442845825e-33,0.0002398690880252043,0.0002952144049316249,0.0021536572028354314,0.002153657202835394,0.00029521440493162623,0.00023986908802520657,1.7320130096837232e-33,2.889323886634045e-33,4.6585134734500775e-33,8.653243658119111e-34,3.490195353061916e-33,5.214038197546004e-33,4.818382057014869e-34
1.0268456375838926,3.570894027614008,3.2798517867335244,2.6788376347427922,2.036588713358128,1.2897288627195822,0.7417865135539328,0.2886349676586328,0.06616227013681898,0.02952507562116804,0.021708678906558157,-0.02170867890655833,-0.029525075621168018,-0.06616227013681895,-0.28863496765863317,-0.7417865135539353,-1.2897288627195798,-2.0365887133581335,-2.6788376347427953,-3.2798517867335213,-3.5708940276140075,3.3453140521076146e-34,1.9105807896469645e-33,2.5416772618747522e-33,1.393173162607669e-33,1.7824150699940914e-33,6.013264108990618e-33,9.805195162364165e-33,0.00033849251321513946,0.000475242473050181,0.0033559852454056135,0.0033559852454055853,0.00047524247305018487,0.00033849251321513984,1.4806962029507043e-32,1.0728537584440431e-32,2.186495099736557e-33,1.0344126693635045e-33,5.731080979766109e-34,1.268975778003505e-33,1.609087972123845e-33
1.0369127516778522,3.5293355909079693,3.3639477586567037,2.5449635642376567,2.1802641623618144,1.1603232663162342,0.8497893925330019,0.22744240088283113,0.1021068611801802,0.03301567590299765,0.027772929076528154,-0.027772929076528122,-0.033015675902997414,-0.10210686118018066,-0.22744240088283177,-0.8497893925330018,-1.1603232663162366,-2.1802641623618197,-2.5449635642376625,-3.3639477586566975,-3.5293355909079676,1.9429540609069837e-33,1.5447492020804716e-33,1.1984783147376899e-33,4.465095809946533e-33,1.9432738185559343e-33,6.960484502357215e-33,2.20801449935753e-32,0.0004116228304363827,0.0006666320734250885,0.004611600275379499,0.00461160027537946,0.0006666320734250908,0.0004116228304363817,4.9644573333421135e-33,4.352967461047847e-33,1.5744866634328797e-33,1.2726491824099674e-33,1.971945421078507e-33,1.0488050885580514e-34,1.2068751660821135e-33
1.0469798657718121,3.4752587283518706,3.437001167954877,2.4069570609959463,2.322621908013748,1.0361431072244767,0.9643964910264835,0.17358491333564297,0.14470364632123878,0.0331665307274389,0.0318719813603659,-0.031871981360365814,-0.03316653072743874,-0.14470364632123883,-0.17358491333564322,-0.9643964910264882,-1.036143107224479,-2.322621908013749,-2.4069570609959476,-3.4370011679548704,-3.47525872835186,2.870195633911052e-33,2.2771369770604186e-33,2.1939498358027515e-33,1.6279220276722884e-33,7.990110115816524e-34,4.843307331041013e-33,4.059330816363558e-32,0.00046426792091033397,0.0008830360182452381,0.006053498912887393,0.006053498912887424,0.00088303601824523,0.0004642679209103338,1.8038442056043635e-32,4.397767659892296e-33,2.0392197794658325e-33,1.5505816694745464e-33,1.0633744177848446e-33,1.2674444155557297e-33,1.5602946523461728e-33
1.0570469798657718,3.4983630470702995,3.4091486097679495,2.462586022207976,2.2659054226269637,1.0851477890461316,0.917788587139737,0.19426017761723888,0.12684583088890652,0.033473526200188855,0.03050232270573164,-0.030502322705731506,-0.033473526200188654,-0.12684583088890675,-0.19426017761724004,-0.9177885871397382,-1.0851477890461347,-2.2659054226269633,-2.4625860222079736,-3.4091486097679558,-3.4983630470702867,5.83170161020459e-34,1.754530730182386e-33,1.0435724606271572e-33,6.497203824009595e-33,3.835582896976203e-33,1.7165822258085784e-33,0.0005003463469510744,1.2457515037732393e-31,0.007903908234260624,0.0011503540170158626,0.0011503540170158678,0.007903908234260603,5.212068481572041e-32,0.0005003463469510761,9.201656586707227e-34,1.8825926703783015e-33,1.9250593971610168e-33,1.9454883800477582e-33,2.9213679491528455e-34,2.9735380083837057e-33
1.0671140939597317,3.547484686151989,3.331594944676926,2.5990698067394487,2.1228924909269935,1.2114949140889526,0.805772980324247,0.2510292101377171,0.08694967066117482,0.032049346804088594,0.02555314803737173,-0.025553148037371867,-0.03204934680408866,-0.08694967066117476,-0.2510292101377167,-0.8057729803242454,-1.2114949140889535,-2.1228924909269984,-2.5990698067394487,-3.3315949446769264,-3.5474846861519915,1.7434415772268096e-33,8.274764214678339e-34,2.3742289198940358e-33,3.382214978664741e-33,7.369685519229832e-34,1.1302012052604852e-32,0.0005229870574114653,1.6295433701006102e-31,0.010625223299661582,0.0015254756560565644,0.0015254756560565607,0.010625223299661545,2.8014842658512163e-32,0.0005229870574114638,3.584297204631261e-33,2.8774680684927552e-33,4.9922723755936556e-33,5.2754626847933726e-33,7.3249798613931395e-34,7.353743312944672e-33
1.0771812080536913,3.5839245137596754,3.2432845996523865,2.7309880457998386,1.9789865395514352,1.3428037804101314,0.7005205219236512,0.3152020655976578,0.053568860669661475,0.027077659955990638,0.018852448169025197,-0.018852448169025177,-0.0270776599559906,-0.05356886066966174,-0.3152020655976582,-0.7005205219236516,-1.3428037804101327,-1.9789865395514326,-2.7309880457998297,-3.2432845996523847,-3.583924513759672,2.862800408833328e-34,1.2726369447496406e-34,1.3888037590271548e-33,6.97507059147776e-34,9.691275372439514e-35,1.1857892560464411e-33,0.0005347284094137866,5.259573121980813e-31,0.015463384865963596,0.0021646334225526058,0.0021646334225525815,0.015463384865963565,7.398410389853519e-31,0.0005347284094137861,6.702710321368422e-34,1.1142046446674534e-33,8.696839161061027e-34,8.103448093660553e-34,9.363430701342927e-34,6.835678201629093e-34
1.087248322147651,3.6073536534038815,3.144993040530962,2.857269486173603,1.8352286307984922,1.4783585455514865,0.6023656032475682,0.3869023275746443,0.02633054408164849,0.018046175593912334,0.010935564627382578,-0.010935564627382481,-0.018046175593911872,-0.02633054408164807,-0.3869023275746449,-0.6023656032475686,-1.4783585455514898,-1.8352286307984915,-2.8572694861736054,-3.144993040530965,-3.6073536534038917,7.452746272428958e-34,5.927292568792155e-34,3.2540857748625194e-33,3.224998733903343e-33,1.0253506249638871e-32,4.2607846714669016e-33,0.0005376547348773383,4.7916278516263644e-29,0.027557228529348807,0.0037155305180846233,0.0037155305180846,0.027557228529348905,3.7746839190544553e-29,0.0005376547348773381,6.1429361698291594e-33,5.369270256464845e-33,8.199672756318917e-34,2.200030661881701e-33,3.414100410065099e-33,1.0474925738014489e-33
1.0973154362416107,3.61756007282396,3.0375747269662083,2.9768693660139314,1.6926216034189279,1.617366862269808,0.511553237286386,0.4661800407799238,0.0048232957451380095,0.004455899265143898,0.002338808121898468,-0.0023388081218983525,-0.004455899265143867,-0.004823295745137841,-0.4661800407799238,-0.5115532372863866,-1.6173668622698107,-1.6926216034189296,-2.9768693660139305,-3.0375747269662003,-3.6175600728239523,2.3801787386088637e-33,8.077236991794467e-34,1.0056969780051366e-33,9.311096188620019e-34,3.9595317440535145e-33,3.3707010766297976e-32,0.0005334929700236903,2.163315327288823e-23,0.1289839578067703,0.01653234676234768,0.016532346762347147,0.12898395780676722,2.127986333653849e-23,0.0005334929700236903,5.078098138397838e-33,2.5274015144735565e-33,2.4003598382217768e-33,1.175482884912463e-33,6.08609030293682e-34,9.427551058517484e-34
1.1073825503355705,3.614451263889927,3.0887818107955742,2.9219526020866726,1.7589663803179127,1.552119841545614,0.5530065782985114,0.42824073365751764,0.014174347709701277,0.01139642322649966,0.00640110080868032,-0.006401100808680316,-0.011396423226499648,-0.014174347709701095,-0.4282407336575194,-0.5530065782985117,-1.552119841545615,-1.75896638031792,-2.9219526020866704,-3.0887818107955685,-3.614451263889925,3.5696243402124174e-33,2.4303873880118567e-33,1.5109446913851813e-33,1.8176640888988699e-34,4.0976907716673924e-33,0.000523683029924062,7.530853295356448e-33,0.04583446569325417,5.696766032623851e-28,0.005504782298255913,0.005504782298256014,1.0404524441556698e-27,0.04583446569325407,9.926775092938931e-33,0.0005236830299240606,3.66266925571786e-33,1.7760482966122558e-33,9.612002560559016e-34,3.243251640028976e-33,4.420973138433359e-33
1.1174496644295302,3.598055412983501,3.1920519156883214,2.799106833019024,1.9022324298238606,1.414619960499539,0.6472703281733105,0.3525004989642957,0.03830270651430175,0.02279818623483321,0.01474736017647193,-0.014747360176471628,-0.022798186234833304,-0.03830270651430197,-0.35250049896429614,-0.6472703281733113,-1.4146199604995457,-1.9022324298238666,-2.7991068330190307,-3.1920519156883316,-3.598055412983505,8.853648120872823e-34,1.337367142339846e-33,1.4021867953964987e-34,4.065124239073005e-33,1.972577352086731e-33,0.0005094304685802769,8.751548770980478e-33,0.018822204025976817,2.2451422527011058e-29,0.002083861208546401,0.002083861208546382,1.291647781489672e-29,0.01882220402597679,5.158599040459079e-34,0.0005094304685802769,2.0860957082170345e-33,1.9362632329843965e-33,3.6389686055379797e-34,1.5826098927322975e-33,1.8280485574474594e-33
1.1275167785234899,3.5685210443195787,3.285787337146859,2.6700629685551105,2.0461867966377434,1.2809525285770624,0.748773334791174,0.2843238567098234,0.06835851246996268,0.029872094967396526,0.02216338977965823,-0.02216338977965816,-0.029872094967396606,-0.0683585124699628,-0.28432385670982346,-0.7487733347911748,-1.2809525285770618,-2.046186796637736,-2.6700629685550967,-3.2857873371468655,-3.5685210443195787,8.76624579389877e-34,1.5964979735104143e-33,6.194498478856885e-34,2.558025162101914e-33,5.1936068276531765e-33,0.0004917468843701889,1.6954259592563003e-32,0.011520785157663398,3.00051129901301e-30,0.0011534748837190908,0.0011534748837190884,9.057078353509603e-31,0.011520785157663367,1.0549097799470373e-33,0.0004917468843701892,2.8401259017554898e-33,7.592410688471977e-34,1.8480322320364683e-33,7.446452207762167e-34,2.611449049671579e-34
1.1375838926174495,3.5261151415535803,3.369169222903965,2.53587968810604,2.189807480287671,1.1518749251946943,0.85722901183388,0.22362576097038286,0.10473601591911488,0.03312386902270932,0.028113242925269163,-0.02811324292526936,-0.0331238690227093,-0.1047360159191146,-0.22362576097038334,-0.8572290118338772,-1.1518749251946965,-2.1898074802876715,-2.5358796881060477,-3.3691692229039636,-3.526115141553576,9.987524737536042e-34,2.2075165493902443e-33,1.1088452341673652e-33,8.27062436858343e-34,5.2674861497967556e-33,0.00047148163758628416,5.330120258782153e-33,0.008102570567645774,2.4246911204086367e-30,0.0007166637355569074,0.0007166637355569052,6.836209133139351e-31,0.008102570567645809,1.5380585442179746e-32,0.0004714816375862834,3.189862326988437e-33,8.986068251741027e-34,1.4318892522564595e-34,4.263568659578428e-34,6.49858336192358e-34
1.1476510067114094,3.4712197758193533,3.4414623186760336,2.3976363211635814,2.3320393073957715,1.0280654152331097,0.9722610226628983,0.1702502605606792,0.14778778584119046,0.03307065645752134,0.032062320545456775,-0.03206232054545671,-0.03307065645752129,-0.14778778584119076,-0.1702502605606794,-0.9722610226628964,-1.0280654152331115,-2.3320393073957812,-2.39763632116359,-3.4414623186760434,-3.4712197758193617,1.8238447859655962e-33,1.9029603551788422e-33,2.084639812839304e-33,2.211793784864102e-33,1.3743863885867104e-30,0.00044934725763854126,2.6152912591072193e-30,0.006113434607840327,5.955729971708184e-30,0.00046355528213649097,0.00046355528213649086,1.6092776052345968e-29,0.006113434607840329,9.147361966860987e-31,0.000449347257638541,1.13450819854112e-31,2.029780497699749e-33,9.782108164101408e-34,4.279168205523336e-34,2.7537224854365068e-34
1.157718120805369,3.502024101589871,3.404327290695692,2.4718052578054426,2.256420318690837,1.09340340146271,0.9101184973832215,0.1978179316817144,0.12397655600665147,0.033478526736184996,0.03023757885749531,-0.03023757885749522,-0.03347852673618495,-0.12397655600665144,-0.19781793168171422,-0.9101184973832223,-1.0934034014627103,-2.2564203186908407,-2.4718052578054404,-3.4043272906956825,-3.5020241015898774,1.0829287907426837e-33,2.34997087131965e-34,4.7668229478926744e-33,7.066097530089322e-34,0.00042594015600226165,8.356943279999495e-33,0.004810188320948674,4.781861103502102e-32,0.00030008300578871313,1.2529067274843721e-31,8.523990416168667e-31,0.0003000830057887134,2.5568269289724955e-32,0.004810188320948681,1.6916000634602667e-33,0.0004259401560022613,1.7041532423126037e-34,4.143022726133713e-33,7.905344644556916e-34,1.4703108107826226e-33
1.167785234899329,3.5503128044287893,3.3260341161509226,2.60801834748606,2.1133148571441525,1.2201019647913232,0.7985415610859421,0.2550753166899779,0.08452548088570397,0.031833993079093265,0.025155012410085067,-0.025155012410084877,-0.03183399307909337,-0.08452548088570393,-0.2550753166899782,-0.7985415610859434,-1.2201019647913256,-2.113314857144157,-2.608018347486056,-3.326034116150921,-3.5503128044287835,1.2141537409911196e-33,1.2947319876020157e-33,1.2283675994816546e-33,3.3177552248435115e-33,0.0004017577649212173,2.1316281122457446e-33,0.0038903200563384643,2.72464795439518e-32,0.00018775124542362348,5.107851312175635e-31,6.870869232959022e-32,0.00018775124542362348,1.9915625694791537e-32,0.0038903200563384596,1.8293627952679635e-33,0.0004017577649212173,1.1706000340200439e-33,1.1926324089614588e-33,1.9582496836319643e-33,2.470345171265597e-33
1.1778523489932886,3.5858942110466487,3.2370333039251014,2.739593901692784,1.9693867521839807,1.3517170388649604,0.6937528626323435,0.3197469381861155,0.05156623260513137,0.026607465879539313,0.0183565638569659,-0.018356563856966136,-0.026607465879539747,-0.05156623260513141,-0.31974693818611455,-0.6937528626323425,-1.3517170388649569,-1.969386752183987,-2.7395939016927833,-3.237033303925092,-3.5858942110466536,4.517583599350354e-34,1.4676043632401273e-33,4.948866893791708e-34,4.4388889879346585e-33,0.00037721289359770823,8.718794147375232e-34,0.003207232184724986,8.258558896615775e-32,0.00010772314869394394,9.797572824885789e-32,3.4908607826004005e-32,0.00010772314869394324,3.0586122996541904e-32,0.0032072321847249844,3.739868114880034e-33,0.0003772128935977084,2.9442749638305276e-33,4.884425097938456e-34,1.9848073122802143e-33,2.955198834581672e-34
1.1879194630872483,3.6084471214500273,3.1381058957497063,2.8654620440148495,1.8256748526064135,1.4875275033926327,0.5960808065387341,0.3919516510875237,0.024723176066877694,0.017287414915351247,0.010377663330832902,-0.010377663330833042,-0.017287414915351008,-0.024723176066877326,-0.3919516510875235,-0.596080806538734,-1.4875275033926347,-1.825674852606406,-2.865462044014861,-3.138105895749702,-3.608447121450018,9.949058345393764e-34,2.2177374834744424e-34,1.8001996796435e-33,2.709658530507462e-33,0.00035264587310389036,6.316630072903035e-33,0.002681083732980707,1.563527228959973e-31,4.9583047962726905e-05,2.9659851507028023e-32,3.138996650948196e-32,4.9583047962726865e-05,1.181601804541883e-31,0.0026810837329807095,2.0433840398492374e-33,0.0003526458731038899,3.5185027866192117e-34,3.0445092988242486e-33,1.1992786661445214e-33,1.1222955428589481e-33
1.197986577181208,3.617767404811576,3.030111252977211,2.9845802219487414,1.6831790757034737,1.6267361285023134,0.5057644938463309,0.4717344067303895,0.0035825488740989847,0.0033758857938918883,0.001754663373027714,-0.00175466337302789,-0.0033758857938917756,-0.0035825488740989877,-0.47173440673038947,-0.5057644938463304,-1.626736128502313,-1.6831790757034732,-2.984580221948746,-3.030111252977212,-3.6177674048115804,2.8537666464090887e-33,2.484269489901787e-33,4.730412693594003e-34,5.250132838297839e-32,0.00032833491095763734,1.1534674017395332e-31,0.00226457081960969,1.1065735118503119e-27,7.027530501414362e-06,3.071176348832211e-30,2.4456902901069668e-30,7.027530501414406e-06,1.1975232852542993e-27,0.002264570819609691,5.327259220957848e-31,0.0003283349109576381,5.408557528043011e-33,1.0822108320345903e-33,1.7999897938499655e-33,5.82307216688706e-34
1.2080536912751678,3.613770579738884,3.095945587545376,2.9139764913209563,1.7684761576629155,1.5428502332666372,0.5590611701826171,0.4229554749589558,0.01560693585606074,0.012301109417349607,0.006975702299490341,-0.006975702299490297,-0.012301109417349621,-0.015606935856060723,-0.4229554749589552,-0.5590611701826168,-1.5428502332666423,-1.7684761576629178,-2.9139764913209567,-3.0959455875453736,-3.6137705797388957,2.379932444281489e-33,4.59760518681515e-34,2.3651142066789476e-33,0.0003045049723157071,5.201596551494735e-33,0.001927820813796844,1.156914143168276e-32,2.4033968304842485e-05,3.8646458596563665e-30,9.126703191487486e-32,4.79670796665543e-32,3.180290679069998e-30,2.4033968304842485e-05,2.666317113307004e-32,0.0019278208137968418,2.502022373595094e-32,0.00030450497231570694,1.1793603772900088e-33,7.888241817086157e-34,2.0119215134223755e-33
1.2181208053691275,3.596492883144533,3.1986070525220764,2.7906851772464916,1.9118190668775965,1.4055807829493416,0.6538146664604344,0.34772062149751404,0.04011745449959652,0.023398903844154426,0.015276635707502784,-0.015276635707502689,-0.023398903844154436,-0.04011745449959632,-0.3477206214975149,-0.6538146664604363,-1.4055807829493412,-1.9118190668775963,-2.7906851772464907,-3.198607052522079,-3.596492883144545,4.510446019952526e-34,1.0653162967020457e-33,2.197908398114918e-34,0.0002813354316292857,1.8108229319030677e-33,0.0016510004921501174,3.299308151115912e-33,4.640687443125767e-05,3.3799699029780487e-32,2.06118948817155e-33,6.77383485899125e-33,3.0397255338998983e-32,4.640687443125698e-05,2.6640737664597333e-34,0.0016510004921501179,1.608310371154046e-33,0.00028133543162928604,2.2741274635592203e-34,1.1534177620389488e-33,6.9237281595898415e-34
1.2281879194630871,3.566090811700335,3.291676840973449,2.6612654529020583,2.0557834091478315,1.2721966229066983,0.7557910899400999,0.280046009919214,0.07058286659654958,0.030202122871044772,0.022611583838035406,-0.022611583838035316,-0.03020212287104499,-0.07058286659654983,-0.28004600991921436,-0.7557910899400979,-1.2721966229066983,-2.0557834091478284,-2.6612654529020574,-3.2916768409734574,-3.566090811700335,1.231450383263044e-34,6.621270835369989e-34,3.728110852313213e-33,0.0002589666863225803,3.060684162987533e-33,0.0014203998250434176,5.302720824144877e-33,6.21021631389607e-05,7.605788918759848e-33,1.509173999593557e-34,2.5512949546808113e-34,1.3659228232750797e-33,6.210216313896076e-05,2.071498583278061e-33,0.001420399825043418,1.933830197790409e-33,0.00025896668632258043,2.6686144721401684e-34,2.683987374427946e-34,1.6279094422636302e-34
1.2382550335570468,3.522839142747263,3.374341369393263,2.5267777641575284,2.199344633600652,1.1434500287727756,0.8646978923969282,0.2198416898580985,0.10739485193233039,0.03321737040940779,0.02844466354354266,-0.028444663543542553,-0.033217370409407844,-0.10739485193233005,-0.21984168985809832,-0.8646978923969313,-1.1434500287727734,-2.1993446336006457,-2.526777764157523,-3.3743413693932585,-3.5228391427472627,7.916933481559596e-34,1.096797306623081e-33,5.585155512374416e-33,0.00023750588596374627,1.0982118106628742e-32,0.0012262214500549985,8.312948983539098e-34,7.261294050866496e-05,1.3752447083144882e-33,6.407247008637155e-34,3.4707366220266103e-34,8.184049451090288e-34,7.261294050866501e-05,8.852057539350577e-34,0.001226221450054996,1.6771318108201443e-33,0.00023750588596374648,2.8244218496786173e-33,9.819395785918785e-34,1.4705594660152583e-33
1.2483221476510067,3.4671274643141263,3.445871293017407,2.388302371209135,2.3414457510189477,1.020013811390956,0.980152744083073,0.166947192856428,0.15090296074402929,0.032962425328813494,0.0322414009982567,-0.03224140099825677,-0.032962425328813605,-0.15090296074402954,-0.16694719285642812,-0.9801527440830743,-1.0200138113909583,-2.3414457510189433,-2.3883023712091322,-3.4458712930174062,-3.4671274643141214,3.3954139984871944e-34,7.130431023309863e-34,2.0438171252310323e-31,0.00021703190209139232,3.0382099772799343e-30,0.0010612665807907993,7.377139471107088e-32,7.907896993269096e-05,4.242500872155397e-34,1.1667580967484442e-33,1.7110799468690747e-33,4.735266260235202e-34,7.907896993269094e-05,2.5837060691776017e-32,0.0010612665807908004,3.190295270158413e-32,0.0002170319020913926,9.146225188147112e-33,2.1173258559796226e-33,4.7815580228680945e-34
1.2583892617449663,3.505630569364718,3.3994552662084185,2.481008702069922,2.2469268232151163,1.1016837396199584,0.9024767515856804,0.2014078296375173,0.12113762296493749,0.03346992158069415,0.029962836120425766,-0.029962836120425686,-0.0334699215806939,-0.12113762296493694,-0.20140782963751727,-0.9024767515856822,-1.1016837396199595,-2.246926823215117,-2.4810087020699294,-3.399455266208413,-3.5056305693647016,1.7273168452345605e-34,2.539451030331596e-34,0.0001975996423852724,2.9662606884147682e-33,0.0009201193285051799,1.700273633147556e-32,8.23891459840114e-05,1.1986139475223488e-33,6.708780519756317e-34,7.061182682967845e-34,1.3879064668418893e-34,1.1228002395779832e-33,2.2752896601454255e-33,8.238914598401164e-05,2.4966076672130438e-33,0.000920119328505181,2.2424115865186105e-34,0.0001975996423852726,5.758940797275303e-34,4.045690696327923e-34
1.2684563758389262,3.553084404092174,3.320425665628925,2.616946271509199,2.103733577512023,1.2287308967475523,0.7913403449865507,0.2591544005555422,0.08213016019982407,0.03160271583427165,0.02474924999282351,-0.024749249992823373,-0.031602715834271516,-0.0821301601998238,-0.25915440055554273,-0.7913403449865531,-1.2287308967475536,-2.1037335775120236,-2.616946271509194,-3.320425665628925,-3.553084404092174,6.504312630993938e-35,1.0061606680527314e-33,0.00017924379623200632,2.422433066102622e-33,0.00079862152320808,2.228666470331861e-33,8.324800157716381e-05,3.7657800265123975e-34,1.4132259822986981e-34,4.80017213694996e-34,5.841708935794231e-34,2.3902951991769014e-34,7.512639859651481e-34,8.324800157716423e-05,1.0702478615156622e-34,0.00079862152320808,8.07468868097903e-34,0.0001792437962320062,1.0392610832776888e-33,9.198124778411281e-35
1.278523489932886,3.5878059606672768,3.2307378610711877,2.748174381228587,1.9597879401232823,1.3606489716243948,0.6870168658503301,0.3243253184642834,0.04959080166093475,0.026119073394779757,0.017855432769981278,-0.017855432769981236,-0.026119073394779684,-0.04959080166093467,-0.3243253184642839,-0.6870168658503308,-1.3606489716243975,-1.9597879401232778,-2.7481743812285844,-3.230737861071195,-3.587805960667262,5.450024967110862e-34,5.903119423589709e-34,0.00016198208557892407,4.156890313286074e-33,0.0006935237874382327,2.319974306123509e-33,8.222051984019107e-05,5.6613655600744384e-33,1.1635249207280097e-33,1.0085165881718656e-33,7.520705662498916e-34,1.5229727599685498e-33,6.255063181571178e-33,8.222051984019103e-05,1.2291562489064346e-33,0.0006935237874382336,6.85946687452513e-33,0.00016198208557892412,1.866338761902979e-34,5.24648135980204e-34
1.2885906040268456,3.609481733628344,3.1311784271289866,2.873624587358349,1.8161264975559606,1.4967115898638044,0.5898287343599644,0.39703468395535607,0.023141163840710938,0.016508241002420737,0.009816899235133004,-0.009816899235133151,-0.016508241002420525,-0.023141163840711063,-0.39703468395535624,-0.5898287343599629,-1.4967115898638077,-1.8161264975559557,-2.873624587358332,-3.1311784271289818,-3.609481733628341,1.2276535216560029e-33,5.04394260866403e-34,0.00014581808436017253,2.948128101691983e-32,0.0006022473115603914,5.612850330416314e-34,7.976339188808495e-05,9.686699051378228e-34,1.3059916721295e-33,1.5506847241535615e-34,7.420260462736446e-35,1.6671784907319794e-33,6.810445365884109e-34,7.976339188808495e-05,2.5991486867284598e-34,0.0006022473115603912,1.1560867015067343e-33,0.00014581808436017277,1.0479463948855226e-33,4.665549388988538e-34
1.2986577181208054,3.617915505063643,3.0226115798391806,2.9922566018300634,1.6737462003758374,1.6361166682481079,0.5000091474294844,0.4773223323445337,0.002365176404122666,0.002273325307455588,0.0011700417571625624,-0.0011700417571626266,-0.002273325307455443,-0.0023651764041223962,-0.4773223323445345,-0.5000091474294854,-1.6361166682481112,-1.6737462003758417,-2.9922566018300665,-3.0226115798391797,-3.6179155050636496,6.994490680929827e-34,7.492702771774324e-30,0.000130743661074423,3.245422282102646e-30,0.0005227172867033715,1.3298905573335804e-32,7.624753193982588e-05,2.1150808056535845e-33,1.1709070499353383e-32,1.4440847936039718e-33,1.1720377120328274e-33,9.688326512159544e-33,2.725842265989402e-33,7.62475319398258e-05,5.897514758628298e-33,0.0005227172867033709,3.7255324428964844e-31,0.00013074366107442288,8.710774398711387e-30,5.748976038857907e-34
1.3087248322147653,3.613030825074655,3.1030706569144955,2.905968557199948,1.7779930784812679,1.5335942468843435,0.5651488017272529,0.4177039090525626,0.017064102320542715,0.013184517720884857,0.007548395133765498,-0.007548395133765418,-0.013184517720884888,-0.017064102320542743,-0.4177039090525635,-0.565148801727255,-1.5335942468843464,-1.7779930784812694,-2.9059685571999427,-3.103070656914499,-3.6130308250746466,1.738605488723076e-34,0.000116741091841084,1.774299612988877e-32,0.00045324396729405826,1.5128593112149947e-33,7.197478201062216e-05,2.0162040840793103e-33,2.6139982612646905e-33,4.1655631886967684e-33,4.198528527840914e-34,1.680304988890804e-34,3.7045388187147034e-33,2.121833588701988e-33,3.0821738478750462e-34,7.197478201062196e-05,3.347308642204388e-32,0.00045324396729405826,7.791283986770405e-33,0.00011674109184108403,5.302372081407529e-34
1.3187919463087248,3.5948719790643398,3.2051195322848067,2.782236272173122,1.9214084817911399,1.3965589005624548,0.6603911394255708,0.34297437317517876,0.04195868175596367,0.023980528837696694,0.015801617737791245,-0.01580161773779107,-0.023980528837696403,-0.0419586817559637,-0.3429743731751785,-0.66039113942557,-1.3965589005624521,-1.9214084817911432,-2.7822362721731246,-3.2051195322847983,-3.594871979064333,1.1125759780198453e-33,0.00010378488514132924,7.74853766928542e-33,0.00039243614361629965,8.493326855616855e-34,6.719064245633409e-05,2.3469069645264134e-34,2.652881670192726e-33,4.436657058256041e-34,2.2892939216019184e-34,2.373537207079883e-34,4.6345052814939645e-34,2.99134050655537e-33,4.489248579940267e-35,6.719064245633403e-05,1.519210434651172e-33,0.0003924361436162994,1.1357129485632037e-33,0.00010378488514132906,4.995122385748656e-34
1.3288590604026846,3.563603427354518,3.2975200680906567,2.6524454056549964,2.065378242018587,1.2634613580038632,0.7628396799393151,0.2758013904546291,0.07283544324123803,0.03051531126202317,0.02305310242842605,-0.02305310242842587,-0.030515311262022903,-0.07283544324123772,-0.2758013904546289,-0.7628396799393143,-1.2634613580038665,-2.065378242018592,-2.6524454056550004,-3.2975200680906522,-3.5636034273545167,6.994346872859272e-33,9.18433542301921e-05,4.380669102826105e-34,0.0003391371340053662,9.036722189002487e-35,6.20942071688814e-05,6.552104596007883e-35,7.979202548022124e-35,1.050264208163756e-34,5.342578262467643e-35,1.1984060384928105e-35,6.059132869027632e-35,1.4676007345709206e-34,3.5857961298068674e-35,6.209420716888142e-05,8.155106485864719e-35,0.00033913713400536636,6.746585128401014e-35,9.18433542301923e-05,1.738725778857849e-33
1.3389261744966443,3.5195077255303557,3.3794639942922964,2.517658114398726,2.2088753053449968,1.1350487650737342,0.8721959084933992,0.2160901306246031,0.11008346653007185,0.03329633477820948,0.028767032821962687,-0.028767032821962607,-0.03329633477820948,-0.11008346653007152,-0.21609013062460242,-0.8721959084933995,-1.135048765073736,-2.208875305344998,-2.5176581143987247,-3.379463994292294,-3.519507725530353,1.8577757974706376e-32,8.087996871667016e-05,9.288982907461182e-33,0.0002923767204096223,6.268051237707702e-34,5.684607800265505e-05,4.334801718031572e-35,1.0042613208195863e-33,8.855370561994756e-35,1.3532887905509287e-34,9.708062860187312e-35,7.011967348092395e-35,8.899658009887958e-34,4.649546323792509e-35,5.684607800265502e-05,1.4147685268288278e-34,0.0002923767204096224,5.6965948287202065e-34,8.087996871667007e-05,3.52830963342432e-33
1.3489932885906042,3.4629819566711477,3.450227915977383,2.378955533570005,2.3508409172973934,1.0119884582760579,0.9880715031279713,0.16367563508678884,0.15404925290309335,0.03284199393595683,0.03240906557739296,-0.03240906557739303,-0.03284199393595668,-0.15404925290309351,-0.1636756350867888,-0.9880715031279722,-1.011988458276058,-2.350840917297389,-2.3789555335700037,-3.4502279159773783,-3.4629819566711375,3.676228471589798e-29,7.085451292277601e-05,1.7758274456911222e-31,0.00025133456354125823,2.628385305349837e-31,5.1574779083770016e-05,7.1426846376179015e-34,1.5845767775232272e-34,1.8004313693472242e-34,1.3268230299444005e-34,1.094997465809151e-34,2.205850421307018e-34,2.286855921098584e-34,4.785820156565438e-34,5.1574779083770083e-05,3.1291040744922654e-31,0.000251334563541258,2.193414144264206e-30,7.085451292277603e-05,1.1495404469836662e-29
1.3590604026845636,3.5091823064154495,3.394532728892248,2.490196032380573,2.2374252554312113,1.1099886255537619,0.8948634860980119,0.2050299359235274,0.11832894038580612,0.03344755517038981,0.02967825227738159,-0.02967825227738117,-0.033447555170389554,-0.11832894038580599,-0.2050299359235268,-0.8948634860980104,-1.109988625553764,-2.237425255431212,-2.4901960323805725,-3.3945327288922544,-3.509182306415452,6.172407525222204e-05,2.507935625633098e-32,0.0002153120107099343,5.547228912138139e-34,4.6382029019660275e-05,5.5687004826227e-35,6.562020052304081e-34,3.9665169271828026e-35,1.1575177080954539e-34,6.597025024215134e-35,3.800050740466424e-35,1.0074520782065954e-34,1.955228810044042e-35,5.235364246815358e-34,5.606829370119948e-34,4.6382029019660275e-05,3.917358050064438e-34,0.00021531201070993422,6.008799422140313e-32,6.172407525222186e-05
1.3691275167785235,3.5557993739949922,3.3147698130431134,2.6258532588367416,2.0941489645385354,1.2373815072054855,0.7841694417583912,0.2632665068187474,0.079763603002513,0.03135536190280911,0.024336019261546576,-0.024336019261546767,-0.03135536190280915,-0.07976360300251292,-0.26326650681874697,-0.7841694417583915,-1.2373815072054877,-2.0941489645385314,-2.625853258836737,-3.3147698130431227,-3.5557993739950104,5.344388984832744e-05,5.122778613229737e-34,0.00018371012515954187,2.978187565467658e-34,4.134712297806149e-05,1.5394988829832072e-34,2.2274324212841045e-34,5.894335330699398e-35,9.293255589050033e-35,2.226102081394825e-35,7.902218942321868e-35,1.6595712964621603e-34,5.966910741521142e-35,1.8410795451057696e-34,1.3660003890896364e-34,4.134712297806151e-05,9.445413213886408e-35,0.00018371012515954203,1.679462649348329e-33,5.344388984832745e-05
1.3791946308724832,3.5896596857079492,3.2243985156370627,2.7567291708034256,1.95019040580482,1.369599352553418,0.6803126146823988,0.32893723037127653,0.047642450025570444,0.025612332769757738,0.017349213749471005,-0.017349213749471185,-0.02561233276975796,-0.04764245002557068,-0.3289372303712783,-0.6803126146823991,-1.3695993525534171,-1.9501904058048194,-2.7567291708034305,-3.2243985156370667,-3.589659685707945,4.59680492375456e-05,6.117437449742018e-34,0.0001560123860707237,9.603249318554305e-34,3.65306062477118e-05,4.240648359361736e-34,2.7766233058797686e-34,4.9618044467642e-34,4.927142828797827e-34,2.531301260568118e-34,2.1188172875106487e-34,5.817967911009902e-34,4.121365947571769e-34,1.753102488809923e-34,3.863988764898367e-34,3.653060624771181e-05,1.1785879523968016e-34,0.0001560123860707237,2.8833985126569174e-35,4.5968049237545537e-05
1.389261744966443,3.610457448230706,3.124210900811628,2.88175681267036,1.8065838548758575,1.5059105572296687,0.5836094435468205,0.4021514273606271,0.021584379337753035,0.015708508816613617,0.009253431349176094,-0.009253431349176153,-0.01570850881661357,-0.021584379337752937,-0.4021514273606273,-0.5836094435468213,-1.505910557229667,-1.8065838548758602,-2.881756812670362,-3.1242109008116223,-3.610457448230698,3.9250104389514196e-05,4.128580758992075e-34,0.00013177093576643748,9.659495437504813e-34,3.197737339731063e-05,2.5353141712629255e-34,1.0066040064848822e-34,3.5773146322011966e-34,1.2337453477369357e-33,3.7033701118865273e-34,2.994324948867915e-34,1.312700519746472e-33,2.8675609313259065e-34,6.507658105304809e-35,3.4529298813998676e-34,3.1977373397310686e-05,9.760172389022685e-35,0.00013177093576643745,9.216254594585486e-33,3.925010438951421e-05
1.3993288590604025,3.618004367605029,3.015075992032209,2.9998982158244116,1.664323250580373,1.6455082143139113,0.494287229305563,0.48294379466269255,0.0011710437768873228,0.0011480808351827811,0.0005851032995745171,-0.0005851032995745509,-0.0011480808351829437,-0.001171043776887443,-0.48294379466269194,-0.4942872293055626,-1.6455082143139137,-1.6643232505803782,-2.999898215824413,-3.015075992032211,-3.618004367605016,3.324356663512339e-05,2.2635356004493617e-30,0.0001105955496756528,2.3797645479719523e-32,2.77192944998019e-05,1.3626921841000815e-35,6.954906949023151e-36,8.300045515621399e-34,2.1348008372784562e-34,2.5987028426344544e-34,1.4483744043537015e-34,1.4590907453839661e-34,7.825181367747046e-34,5.0880484349173075e-36,1.3377816487124727e-35,2.771929449980189e-05,2.1908847312215435e-31,0.00011059554967565278,2.1250511310765323e-30,3.3243566635123364e-05
1.4093959731543624,3.6122320297307744,3.110156746275051,2.897929099088852,1.7875168585997752,1.5243521368752107,0.5712694247132302,0.4124860426617095,0.018545978167077242,0.01404679129368775,0.008119020274188798,-0.00811902027418852,-0.014046791293687388,-0.018545978167077037,-0.41248604266170985,-0.5712694247132305,-1.524352136875203,-1.7875168585997683,-2.8979290990888438,-3.110156746275044,-3.6122320297307815,2.7902324135459987e-05,9.21447168190216e-05,2.71996865705183e-33,2.3777447006232396e-05,2.9076033357294385e-34,1.794447072318465e-34,3.050396550457443e-35,3.253467839633915e-34,3.985423098529499e-35,8.210165105543676e-35,5.187462717072607e-35,2.2878935731277573e-35,3.984021562380362e-34,2.912550782375962e-35,2.3982867819381105e-34,5.248986067207613e-34,2.3777447006232406e-05,5.92154133929424e-32,9.21447168190216e-05,2.7902324135459933e-05
1.4194630872483223,3.593192766007629,3.2115891028831234,2.7737604284548927,1.9310003761948829,1.387554546890267,0.6669996727777193,0.33826173747490285,0.043826509726161256,0.02454320953347157,0.01632214735329772,-0.01632214735329722,-0.024543209533471274,-0.04382650972616122,-0.338261737474903,-0.6669996727777198,-1.387554546890269,-1.9310003761948802,-2.7737604284548953,-3.2115891028831034,-3.593192766007639,2.3180984056610715e-05,7.611837117287558e-05,5.9518195496301285e-34,2.0164015477606524e-05,1.4607437589540956e-34,1.1664846951807194e-34,1.1702304739579064e-34,2.250850163398324e-34,1.6962349825955038e-34,7.154147558943763e-35,7.968801960092715e-35,1.6620861160279286e-34,2.3843466400210977e-34,1.2603890798711513e-34,9.411491605164773e-35,6.112567141669533e-35,2.0164015477606524e-05,2.657757500859264e-34,7.611837117287556e-05,2.3180984056610705e-05
1.429530201342282,3.5610589911529247,3.3033167900430396,2.643603145076805,2.074970985737146,1.254746944590074,0.769919003949863,0.2715899600890246,0.07511635229704897,0.030811812288531866,0.023487786923905758,-0.023487786923905477,-0.030811812288531488,-0.07511635229704874,-0.2715899600890251,-0.7699190039498671,-1.2547469445900745,-2.074970985737145,-2.643603145076798,-3.303316790043042,-3.561058991152924,1.9035150252159462e-05,6.225192533384692e-05,1.675903977444412e-34,1.688390939984925e-05,2.9725492847843313e-35,1.5999594797541383e-34,4.4392350033775813e-35,5.691084011088005e-35,2.992894450549048e-35,2.6806068855981316e-35,1.0376632564201515e-35,1.261191164484383e-35,9.004597346933155e-35,4.210714006516001e-35,1.9601423867839183e-34,1.4322842131206942e-34,1.6883909399849293e-05,4.505593921899083e-34,6.225192533384691e-05,1.9035150252159408e-05
1.4395973154362416,3.516121023119596,3.3845368956154527,2.5085210609797763,2.2183991781469303,1.1266713204567027,0.879722932620861,0.2123710250745314,0.112801956056378,0.033360916995275526,0.029080192700579256,-0.029080192700579103,-0.03336091699527534,-0.11280195605637804,-0.21237102507453132,-0.8797229326208632,-1.1266713204567027,-2.2183991781469286,-2.50852106097977,-3.3845368956154607,-3.5161210231196023,1.5421645064323605e-05,5.031133966359186e-05,3.7277356651331073e-34,1.3936140331471678e-05,2.0964986221348914e-35,9.644957408094558e-35,3.092766309938928e-35,1.3956357795330336e-34,9.072670262309613e-36,1.5903090293693844e-35,1.4081929953609552e-35,1.0205551694521676e-35,1.208200012195514e-34,2.2915198856659254e-35,6.145467626774035e-35,9.059845189492118e-36,1.3936140331471675e-05,6.305660801935059e-35,5.031133966359187e-05,1.542164506432364e-05
1.4496644295302012,3.458783417776532,3.454532014558378,2.3695961305819964,2.3602244844630946,1.003989516737973,0.9960171458944004,0.1604355109707108,0.15722674309098558,0.03270951897202304,0.032565157225508554,-0.03256515722550819,-0.03270951897202258,-0.15722674309098544,-0.16043551097071065,-0.9960171458943994,-1.0039895167379718,-2.360224484463099,-2.369596130582001,-3.454532014558379,-3.4587834177765355,1.2298682806329615e-05,4.0089020909971246e-05,1.7937212160424119e-31,1.131499275076238e-05,7.521765870205254e-35,1.1501329276920988e-35,1.0964446644751236e-34,8.164755085023082e-35,2.9309618433185593e-35,7.724080315419589e-35,6.242906822399502e-35,1.4839100722219717e-35,9.298981646104227e-35,8.505715749957903e-35,2.7818396563408584e-35,5.77803043047934e-35,1.1314992750762392e-05,3.535771145327025e-31,4.008902090997125e-05,1.22986828063296e-05
1.4597315436241611,3.5126791708996317,3.389559873235017,2.4993669261778124,2.2279159342301487,1.1183178796115119,0.8872788355044329,0.20868431374689675,0.1155504158800844,0.033411272073854185,0.029383985170803106,-0.029383985170803168,-0.033411272073853936,-0.11555041588008469,-0.20868431374689636,-0.8872788355044329,-1.118317879611508,-2.227915934230147,-2.4993669261778098,-3.3895598732350156,-3.5126791708996343,3.140038998564507e-05,9.62600156561207e-06,9.011017569275528e-06,4.167138699723385e-34,2.5385684206982145e-35,1.5574187832782376e-34,1.792449757870231e-34,1.6434558877351024e-34,1.3316495171419556e-34,8.668275240209471e-36,1.3052368953005557e-35,1.4048325775441373e-34,1.7411272573130384e-34,2.1843181539528064e-34,1.2095670262932334e-34,3.926816520500217e-35,4.155536359939879e-35,9.011017569275523e-06,9.626001565612044e-06,3.1400389985645066e-05
1.4697986577181208,3.558457605233403,3.309066780054967,2.6347389898053026,2.0845613301621766,1.2460535918061433,0.7770289593547304,0.2674116792082348,0.0774257028164666,0.031091778312121305,0.023915478725118643,-0.02391547872511827,-0.03109177831212087,-0.07742570281646627,-0.2674116792082342,-0.7770289593547306,-1.246053591806142,-2.0845613301621784,-2.6347389898053133,-3.309066780054964,-3.5584576052334045,2.408099321805366e-05,7.364959154645735e-06,7.011872950437353e-06,7.849091761621546e-35,3.3314841558737935e-35,3.937827528050283e-35,1.5942627847923565e-35,3.550644255216015e-35,2.89131722036805e-35,2.4445724457078167e-36,2.4785517572252392e-36,2.249146184866548e-35,3.8664580539733843e-35,2.4333321411374145e-35,1.5866788091799125e-35,1.9641463245004536e-35,2.0087328659630488e-35,7.011872950437323e-06,7.364959154645791e-06,2.408099321805366e-05
1.4798657718120805,3.591455311576764,3.2180155137056983,2.7652579573701903,1.9405944508785151,1.378567954017416,0.6736401904669524,0.33358269637697374,0.04572105914396697,0.0250870945438607,0.016838065652966493,-0.0168380656529665,-0.02508709454386077,-0.045721059143967124,-0.33358269637697474,-0.6736401904669537,-1.3785679540174158,-1.9405944508785204,-2.7652579573702005,-3.2180155137057063,-3.5914553115767633,1.798405786654422e-05,5.478598320352516e-06,5.303033536857342e-06,8.524823945758948e-35,5.873818222836647e-35,5.491092805020357e-36,2.2994845294117004e-35,8.293286281394029e-36,1.3414046424347753e-35,9.249519821765507e-36,6.444168193440906e-36,1.404576763202341e-35,1.662523950740478e-35,1.1929163250544563e-35,1.0709293648408215e-35,4.866002978346467e-35,3.5980751974196133e-35,5.303033536857377e-06,5.47859832035248e-06,1.798405786654422e-05
1.4899328859060401,3.6113742259196586,3.117203584266708,2.8898584172187123,1.797047212809015,1.5151241563871636,0.5774229892049382,0.40730188091669534,0.02005269387639357,0.014888073682365433,0.008687418688368477,-0.008687418688368517,-0.014888073682365622,-0.020052693876393822,-0.40730188091669595,-0.5774229892049376,-1.5151241563871631,-1.7970472128090182,-2.8898584172187087,-3.117203584266713,-3.611374225919683,1.2978413117065749e-05,3.931685692393541e-06,3.868386254844393e-06,3.853674676679482e-35,4.1558530105394006e-35,3.4286080659729523e-35,4.74864438009727e-35,9.760050099594228e-35,8.717140957187932e-35,1.4898914162060229e-35,1.4753367581023856e-35,7.893469640808507e-35,1.0054916315594494e-34,5.290984231586266e-35,4.376850773243091e-35,4.1739342647310283e-35,7.618598260942123e-35,3.8683862548444245e-06,3.931685692393508e-06,1.2978413117065745e-05
1.5,3.618033988850519,3.0075047751380026,3.0075047751379986,1.6549104982938188,1.654910498293812,0.488598769072819,0.48859876907281585,4.207747285530629e-06,4.207743335508781e-06,2.1233193075785484e-06,-2.123319307609608e-06,-4.2077433358548465e-06,-4.2077472856179155e-06,-0.488598769072816,-0.48859876907281885,-1.6549104982938099,-1.6549104982938156,-3.007504775137996,-3.0075047751380017,-3.618033988850522,8.946713625410145e-06,2.5857878540337814e-06,1.1731151756977357e-06,3.5719185864434534e-35,1.3549357352876224e-35,6.156952442789259e-36,6.859916130640885e-36,4.1346864201386767e-32,7.652075994558097e-32,2.719018239195529e-32,2.710805350344052e-32,8.070881352237172e-32,4.960524173701809e-32,7.236779028519688e-36,4.216737039129305e-36,3.6272078652632445e-35,1.1897102620630969e-35,4.087585255740031e-06,2.1337288077771358e-06,8.946713625410149e-06
